[Sun,Mar,5,13:50.3,2023],[ssl:warn],[pid,3756:tid,344],AH01909:,www.example.com:443:0,server,certificate,does,NOT,include,an,ID,which,matches,the,server,name,,,,,,,,,,,,,,,,,,,,,
[Sun,Mar,5,13:50.4,2023],[ssl:warn],[pid,3756:tid,344],AH01909:,www.example.com:443:0,server,certificate,does,NOT,include,an,ID,which,matches,the,server,name,,,,,,,,,,,,,,,,,,,,,
[Sun,Mar,5,13:51.2,2023],[mpm_winnt:notice],[pid,3756:tid,344],AH00455:,Apache/2.4.54,(Win64),OpenSSL/1.1.1p,PHP/8.0.25,configured,--,resuming,normal,operations,,,,,,,,,,,,,,,,,,,,,,,,,
[Sun,Mar,5,13:51.2,2023],[mpm_winnt:notice],[pid,3756:tid,344],AH00456:,Apache,Lounge,VS16,Server,built:,Jun,22,2022,9:58:15,,,,,,,,,,,,,,,,,,,,,,,,,
[Sun,Mar,5,13:51.2,2023],[core:notice],[pid,3756:tid,344],AH00094:,Command,line:,'C:\\xampp\\apache\\bin\\httpd.exe,#NAME?,C:/xampp/apache',,,,,,,,,,,,,,,,,,,,,,,,,,,,,
[Sun,Mar,5,13:51.2,2023],[mpm_winnt:notice],[pid,3756:tid,344],AH00418:,Parent:,Created,child,process,4188,,,,,,,,,,,,,,,,,,,,,,,,,,,,,
[Sun,Mar,5,13:52.0,2023],[ssl:warn],[pid,4188:tid,352],AH01909:,www.example.com:443:0,server,certificate,does,NOT,include,an,ID,which,matches,the,server,name,,,,,,,,,,,,,,,,,,,,,
[Sun,Mar,5,13:52.0,2023],[ssl:warn],[pid,4188:tid,352],AH01909:,www.example.com:443:0,server,certificate,does,NOT,include,an,ID,which,matches,the,server,name,,,,,,,,,,,,,,,,,,,,,
[Sun,Mar,5,13:52.1,2023],[mpm_winnt:notice],[pid,4188:tid,352],AH00354:,Child:,Starting,150,worker,threads.,,,,,,,,,,,,,,,,,,,,,,,,,,,,,
[Sun,Mar,5,15:34.8,2023],[ssl:warn],[pid,3664:tid,360],AH01909:,www.example.com:443:0,server,certificate,does,NOT,include,an,ID,which,matches,the,server,name,,,,,,,,,,,,,,,,,,,,,
[Sun,Mar,5,15:34.8,2023],[ssl:warn],[pid,3664:tid,360],AH01909:,www.example.com:443:0,server,certificate,does,NOT,include,an,ID,which,matches,the,server,name,,,,,,,,,,,,,,,,,,,,,
[Sun,Mar,5,15:35.5,2023],[mpm_winnt:notice],[pid,3664:tid,360],AH00455:,Apache/2.4.54,(Win64),OpenSSL/1.1.1p,PHP/8.0.25,configured,--,resuming,normal,operations,,,,,,,,,,,,,,,,,,,,,,,,,
[Sun,Mar,5,15:35.5,2023],[mpm_winnt:notice],[pid,3664:tid,360],AH00456:,Apache,Lounge,VS16,Server,built:,Jun,22,2022,9:58:15,,,,,,,,,,,,,,,,,,,,,,,,,
[Sun,Mar,5,15:35.5,2023],[core:notice],[pid,3664:tid,360],AH00094:,Command,line:,'c:\\xampp\\apache\\bin\\httpd.exe,#NAME?,C:/xampp/apache',,,,,,,,,,,,,,,,,,,,,,,,,,,,,
[Sun,Mar,5,15:35.6,2023],[mpm_winnt:notice],[pid,3664:tid,360],AH00418:,Parent:,Created,child,process,4504,,,,,,,,,,,,,,,,,,,,,,,,,,,,,
[Sun,Mar,5,15:36.3,2023],[ssl:warn],[pid,4504:tid,364],AH01909:,www.example.com:443:0,server,certificate,does,NOT,include,an,ID,which,matches,the,server,name,,,,,,,,,,,,,,,,,,,,,
[Sun,Mar,5,15:36.4,2023],[ssl:warn],[pid,4504:tid,364],AH01909:,www.example.com:443:0,server,certificate,does,NOT,include,an,ID,which,matches,the,server,name,,,,,,,,,,,,,,,,,,,,,
[Sun,Mar,5,15:36.4,2023],[mpm_winnt:notice],[pid,4504:tid,364],AH00354:,Child:,Starting,150,worker,threads.,,,,,,,,,,,,,,,,,,,,,,,,,,,,,
[Sun,Mar,5,31:50.6,2023],[php:error],[pid,4504:tid,1916],[client,::1:50274],PHP,Fatal,error:,Uncaught,Error:,Call,to,a,member,function,prepare(),on,null,in,C:\\xampp\\htdocs\\Ecommerce,Site,PHP\\ecommerce\\includes\\navbar.php:24\nStack,trace:\n#0,C:\\xampp\\htdocs\\Ecommerce,Site,PHP\\ecommerce\\index.php(6):,include()\n#1,{main}\n,thrown,in,C:\\xampp\\htdocs\\Ecommerce,Site,PHP\\ecommerce\\includes\\navbar.php,on,line,"24,",referer:,http://localhost/Ecommerce%20Site%20PHP/
[Sun,Mar,5,32:00.8,2023],[php:error],[pid,4504:tid,1920],[client,::1:50288],PHP,Fatal,error:,Uncaught,Error:,Call,to,a,member,function,prepare(),on,null,in,C:\\xampp\\htdocs\\Ecommerce,Site,PHP\\ecommerce\\includes\\navbar.php:24\nStack,trace:\n#0,C:\\xampp\\htdocs\\Ecommerce,Site,PHP\\ecommerce\\index.php(6):,include()\n#1,{main}\n,thrown,in,C:\\xampp\\htdocs\\Ecommerce,Site,PHP\\ecommerce\\includes\\navbar.php,on,line,"24,",referer:,http://localhost/Ecommerce%20Site%20PHP/ecommerce/
[Sun,Mar,5,32:03.9,2023],[php:error],[pid,4504:tid,1916],[client,::1:50294],PHP,Fatal,error:,Uncaught,Error:,Call,to,a,member,function,prepare(),on,null,in,C:\\xampp\\htdocs\\Ecommerce,Site,PHP\\ecommerce\\includes\\navbar.php:24\nStack,trace:\n#0,C:\\xampp\\htdocs\\Ecommerce,Site,PHP\\ecommerce\\index.php(6):,include()\n#1,{main}\n,thrown,in,C:\\xampp\\htdocs\\Ecommerce,Site,PHP\\ecommerce\\includes\\navbar.php,on,line,"24,",referer:,http://localhost/Ecommerce%20Site%20PHP/ecommerce/index.php
[Sun,Mar,5,32:11.7,2023],[php:error],[pid,4504:tid,1920],[client,::1:50301],PHP,Fatal,error:,Uncaught,Error:,Call,to,a,member,function,prepare(),on,null,in,C:\\xampp\\htdocs\\Ecommerce,Site,PHP\\ecommerce\\includes\\navbar.php:24\nStack,trace:\n#0,C:\\xampp\\htdocs\\Ecommerce,Site,PHP\\ecommerce\\index.php(6):,include()\n#1,{main}\n,thrown,in,C:\\xampp\\htdocs\\Ecommerce,Site,PHP\\ecommerce\\includes\\navbar.php,on,line,"24,",referer:,http://localhost/Ecommerce%20Site%20PHP/ecommerce/index.php
[Sun,Mar,5,32:17.4,2023],[php:error],[pid,4504:tid,1916],[client,::1:50309],PHP,Fatal,error:,Uncaught,Error:,Call,to,a,member,function,prepare(),on,null,in,C:\\xampp\\htdocs\\Ecommerce,Site,PHP\\ecommerce\\includes\\navbar.php:24\nStack,trace:\n#0,C:\\xampp\\htdocs\\Ecommerce,Site,PHP\\ecommerce\\index.php(6):,include()\n#1,{main}\n,thrown,in,C:\\xampp\\htdocs\\Ecommerce,Site,PHP\\ecommerce\\includes\\navbar.php,on,line,"24,",referer:,http://localhost/Ecommerce%20Site%20PHP/ecommerce/index.php
[Sun,Mar,5,32:44.3,2023],[php:error],[pid,4504:tid,1920],[client,::1:50316],PHP,Fatal,error:,Uncaught,Error:,Call,to,a,member,function,prepare(),on,null,in,C:\\xampp\\htdocs\\Ecommerce,Site,PHP\\ecommerce\\includes\\navbar.php:24\nStack,trace:\n#0,C:\\xampp\\htdocs\\Ecommerce,Site,PHP\\ecommerce\\index.php(6):,include()\n#1,{main}\n,thrown,in,C:\\xampp\\htdocs\\Ecommerce,Site,PHP\\ecommerce\\includes\\navbar.php,on,line,"24,",referer:,http://localhost/Ecommerce%20Site%20PHP/ecommerce/index.php
[Sun,Mar,5,35:56.5,2023],[php:error],[pid,4504:tid,1920],[client,::1:50329],PHP,Fatal,error:,Uncaught,Error:,Call,to,a,member,function,prepare(),on,null,in,C:\\xampp\\htdocs\\Ecommerce,Site,PHP\\ecommerce\\includes\\navbar.php:24\nStack,trace:\n#0,C:\\xampp\\htdocs\\Ecommerce,Site,PHP\\ecommerce\\index.php(6):,include()\n#1,{main}\n,thrown,in,C:\\xampp\\htdocs\\Ecommerce,Site,PHP\\ecommerce\\includes\\navbar.php,on,line,"24,",referer:,http://localhost/Ecommerce%20Site%20PHP/ecommerce/index.php
[Sun,Mar,5,36:08.7,2023],[php:error],[pid,4504:tid,1916],[client,::1:50341],PHP,Fatal,error:,Uncaught,Error:,Call,to,a,member,function,prepare(),on,null,in,C:\\xampp\\htdocs\\Ecommerce,Site,PHP\\ecommerce\\includes\\navbar.php:24\nStack,trace:\n#0,C:\\xampp\\htdocs\\Ecommerce,Site,PHP\\ecommerce\\index.php(6):,include()\n#1,{main}\n,thrown,in,C:\\xampp\\htdocs\\Ecommerce,Site,PHP\\ecommerce\\includes\\navbar.php,on,line,24,,
[Sun,Mar,5,36:16.2,2023],[php:error],[pid,4504:tid,1916],[client,::1:50346],PHP,Fatal,error:,Uncaught,Error:,Call,to,a,member,function,prepare(),on,null,in,C:\\xampp\\htdocs\\Ecommerce,Site,PHP\\ecommerce\\includes\\navbar.php:24\nStack,trace:\n#0,C:\\xampp\\htdocs\\Ecommerce,Site,PHP\\ecommerce\\index.php(6):,include()\n#1,{main}\n,thrown,in,C:\\xampp\\htdocs\\Ecommerce,Site,PHP\\ecommerce\\includes\\navbar.php,on,line,"24,",referer:,http://localhost/Ecommerce%20Site%20PHP/ecommerce/index.php
[Sun,Mar,5,36:30.3,2023],[php:error],[pid,4504:tid,1916],[client,::1:50357],PHP,Fatal,error:,Uncaught,Error:,Call,to,a,member,function,prepare(),on,null,in,C:\\xampp\\htdocs\\Ecommerce,Site,PHP\\ecommerce\\includes\\navbar.php:24\nStack,trace:\n#0,C:\\xampp\\htdocs\\Ecommerce,Site,PHP\\ecommerce\\index.php(6):,include()\n#1,{main}\n,thrown,in,C:\\xampp\\htdocs\\Ecommerce,Site,PHP\\ecommerce\\includes\\navbar.php,on,line,24,,
[Sun,Mar,5,36:35.4,2023],[php:error],[pid,4504:tid,1920],[client,::1:50367],PHP,Fatal,error:,Uncaught,Error:,Call,to,a,member,function,prepare(),on,null,in,C:\\xampp\\htdocs\\Ecommerce,Site,PHP\\ecommerce\\includes\\navbar.php:24\nStack,trace:\n#0,C:\\xampp\\htdocs\\Ecommerce,Site,PHP\\ecommerce\\index.php(6):,include()\n#1,{main}\n,thrown,in,C:\\xampp\\htdocs\\Ecommerce,Site,PHP\\ecommerce\\includes\\navbar.php,on,line,"24,",referer:,http://localhost/Ecommerce%20Site%20PHP/ecommerce/index.php
[Sun,Mar,5,36:36.8,2023],[php:error],[pid,4504:tid,1920],[client,::1:50367],PHP,Fatal,error:,Uncaught,Error:,Call,to,a,member,function,prepare(),on,null,in,C:\\xampp\\htdocs\\Ecommerce,Site,PHP\\ecommerce\\includes\\navbar.php:24\nStack,trace:\n#0,C:\\xampp\\htdocs\\Ecommerce,Site,PHP\\ecommerce\\index.php(6):,include()\n#1,{main}\n,thrown,in,C:\\xampp\\htdocs\\Ecommerce,Site,PHP\\ecommerce\\includes\\navbar.php,on,line,"24,",referer:,http://localhost/Ecommerce%20Site%20PHP/ecommerce/index.php
[Sun,Mar,5,36:39.5,2023],[php:error],[pid,4504:tid,1920],[client,::1:50367],PHP,Fatal,error:,Uncaught,Error:,Call,to,a,member,function,prepare(),on,null,in,C:\\xampp\\htdocs\\Ecommerce,Site,PHP\\ecommerce\\includes\\navbar.php:24\nStack,trace:\n#0,C:\\xampp\\htdocs\\Ecommerce,Site,PHP\\ecommerce\\index.php(6):,include()\n#1,{main}\n,thrown,in,C:\\xampp\\htdocs\\Ecommerce,Site,PHP\\ecommerce\\includes\\navbar.php,on,line,"24,",referer:,http://localhost/Ecommerce%20Site%20PHP/ecommerce/index.php
[Sun,Mar,5,36:42.9,2023],[php:error],[pid,4504:tid,1916],[client,::1:50377],PHP,Fatal,error:,Uncaught,Error:,Call,to,a,member,function,prepare(),on,null,in,C:\\xampp\\htdocs\\Ecommerce,Site,PHP\\ecommerce\\includes\\navbar.php:24\nStack,trace:\n#0,C:\\xampp\\htdocs\\Ecommerce,Site,PHP\\ecommerce\\index.php(6):,include()\n#1,{main}\n,thrown,in,C:\\xampp\\htdocs\\Ecommerce,Site,PHP\\ecommerce\\includes\\navbar.php,on,line,"24,",referer:,http://localhost/Ecommerce%20Site%20PHP/
[Sun,Mar,5,36:57.1,2023],[php:error],[pid,4504:tid,1916],[client,::1:50387],PHP,Fatal,error:,Uncaught,Error:,Call,to,a,member,function,prepare(),on,null,in,C:\\xampp\\htdocs\\Ecommerce,Site,PHP\\ecommerce\\includes\\navbar.php:24\nStack,trace:\n#0,C:\\xampp\\htdocs\\Ecommerce,Site,PHP\\ecommerce\\index.php(6):,include()\n#1,{main}\n,thrown,in,C:\\xampp\\htdocs\\Ecommerce,Site,PHP\\ecommerce\\includes\\navbar.php,on,line,24,,
[Sun,Mar,5,38:07.4,2023],[php:error],[pid,4504:tid,1916],[client,::1:50414],PHP,Fatal,error:,Uncaught,Error:,Call,to,a,member,function,prepare(),on,null,in,C:\\xampp\\htdocs\\Ecommerce,Site,PHP\\ecommerce\\includes\\navbar.php:24\nStack,trace:\n#0,C:\\xampp\\htdocs\\Ecommerce,Site,PHP\\ecommerce\\index.php(6):,include()\n#1,{main}\n,thrown,in,C:\\xampp\\htdocs\\Ecommerce,Site,PHP\\ecommerce\\includes\\navbar.php,on,line,"24,",referer:,http://localhost/Ecommerce%20Site%20PHP/ecommerce/password_forgot.php
[Sun,Mar,5,40:52.8,2023],[php:error],[pid,4504:tid,1916],[client,::1:50469],PHP,Fatal,error:,Uncaught,Error:,Call,to,a,member,function,prepare(),on,null,in,C:\\xampp\\htdocs\\Ecommerce,Site,PHP\\ecommerce\\verify.php:12\nStack,trace:\n#0,{main}\n,thrown,in,C:\\xampp\\htdocs\\Ecommerce,Site,PHP\\ecommerce\\verify.php,on,line,"12,",referer:,http://localhost/Ecommerce%20Site%20PHP/ecommerce/login.php,,,,
[Sun,Mar,5,15:50.9,2023],[ssl:warn],[pid,5100:tid,332],AH01909:,www.example.com:443:0,server,certificate,does,NOT,include,an,ID,which,matches,the,server,name,,,,,,,,,,,,,,,,,,,,,
[Sun,Mar,5,15:51.0,2023],[core:warn],[pid,5100:tid,332],AH00098:,pid,file,C:/xampp/apache/logs/httpd.pid,overwritten,--,Unclean,shutdown,of,previous,Apache,run?,,,,,,,,,,,,,,,,,,,,,,,
[Sun,Mar,5,15:51.0,2023],[ssl:warn],[pid,5100:tid,332],AH01909:,www.example.com:443:0,server,certificate,does,NOT,include,an,ID,which,matches,the,server,name,,,,,,,,,,,,,,,,,,,,,
[Sun,Mar,5,15:51.9,2023],[mpm_winnt:notice],[pid,5100:tid,332],AH00455:,Apache/2.4.54,(Win64),OpenSSL/1.1.1p,PHP/8.0.25,configured,--,resuming,normal,operations,,,,,,,,,,,,,,,,,,,,,,,,,
[Sun,Mar,5,15:51.9,2023],[mpm_winnt:notice],[pid,5100:tid,332],AH00456:,Apache,Lounge,VS16,Server,built:,Jun,22,2022,9:58:15,,,,,,,,,,,,,,,,,,,,,,,,,
[Sun,Mar,5,15:51.9,2023],[core:notice],[pid,5100:tid,332],AH00094:,Command,line:,'c:\\xampp\\apache\\bin\\httpd.exe,#NAME?,C:/xampp/apache',,,,,,,,,,,,,,,,,,,,,,,,,,,,,
[Sun,Mar,5,15:52.0,2023],[mpm_winnt:notice],[pid,5100:tid,332],AH00418:,Parent:,Created,child,process,3248,,,,,,,,,,,,,,,,,,,,,,,,,,,,,
[Sun,Mar,5,15:52.6,2023],[ssl:warn],[pid,3248:tid,336],AH01909:,www.example.com:443:0,server,certificate,does,NOT,include,an,ID,which,matches,the,server,name,,,,,,,,,,,,,,,,,,,,,
[Sun,Mar,5,15:52.6,2023],[ssl:warn],[pid,3248:tid,336],AH01909:,www.example.com:443:0,server,certificate,does,NOT,include,an,ID,which,matches,the,server,name,,,,,,,,,,,,,,,,,,,,,
[Sun,Mar,5,15:52.7,2023],[mpm_winnt:notice],[pid,3248:tid,336],AH00354:,Child:,Starting,150,worker,threads.,,,,,,,,,,,,,,,,,,,,,,,,,,,,,
[Sun,Mar,5,54:21.1,2023],[ssl:warn],[pid,1796:tid,332],AH01909:,www.example.com:443:0,server,certificate,does,NOT,include,an,ID,which,matches,the,server,name,,,,,,,,,,,,,,,,,,,,,
[Sun,Mar,5,54:21.2,2023],[core:warn],[pid,1796:tid,332],AH00098:,pid,file,C:/xampp/apache/logs/httpd.pid,overwritten,--,Unclean,shutdown,of,previous,Apache,run?,,,,,,,,,,,,,,,,,,,,,,,
[Sun,Mar,5,54:21.2,2023],[ssl:warn],[pid,1796:tid,332],AH01909:,www.example.com:443:0,server,certificate,does,NOT,include,an,ID,which,matches,the,server,name,,,,,,,,,,,,,,,,,,,,,
[Sun,Mar,5,54:21.9,2023],[mpm_winnt:notice],[pid,1796:tid,332],AH00455:,Apache/2.4.54,(Win64),OpenSSL/1.1.1p,PHP/8.0.25,configured,--,resuming,normal,operations,,,,,,,,,,,,,,,,,,,,,,,,,
[Sun,Mar,5,54:21.9,2023],[mpm_winnt:notice],[pid,1796:tid,332],AH00456:,Apache,Lounge,VS16,Server,built:,Jun,22,2022,9:58:15,,,,,,,,,,,,,,,,,,,,,,,,,
[Sun,Mar,5,54:21.9,2023],[core:notice],[pid,1796:tid,332],AH00094:,Command,line:,'c:\\xampp\\apache\\bin\\httpd.exe,#NAME?,C:/xampp/apache',,,,,,,,,,,,,,,,,,,,,,,,,,,,,
[Sun,Mar,5,54:21.9,2023],[mpm_winnt:notice],[pid,1796:tid,332],AH00418:,Parent:,Created,child,process,5028,,,,,,,,,,,,,,,,,,,,,,,,,,,,,
[Sun,Mar,5,54:22.5,2023],[ssl:warn],[pid,5028:tid,336],AH01909:,www.example.com:443:0,server,certificate,does,NOT,include,an,ID,which,matches,the,server,name,,,,,,,,,,,,,,,,,,,,,
[Sun,Mar,5,54:22.6,2023],[ssl:warn],[pid,5028:tid,336],AH01909:,www.example.com:443:0,server,certificate,does,NOT,include,an,ID,which,matches,the,server,name,,,,,,,,,,,,,,,,,,,,,
[Sun,Mar,5,54:22.6,2023],[mpm_winnt:notice],[pid,5028:tid,336],AH00354:,Child:,Starting,150,worker,threads.,,,,,,,,,,,,,,,,,,,,,,,,,,,,,
[Tue,Mar,14,57:21.2,2023],[ssl:warn],[pid,4924:tid,332],AH01909:,www.example.com:443:0,server,certificate,does,NOT,include,an,ID,which,matches,the,server,name,,,,,,,,,,,,,,,,,,,,,
[Tue,Mar,14,57:21.3,2023],[core:warn],[pid,4924:tid,332],AH00098:,pid,file,C:/xampp/apache/logs/httpd.pid,overwritten,--,Unclean,shutdown,of,previous,Apache,run?,,,,,,,,,,,,,,,,,,,,,,,
[Tue,Mar,14,57:21.3,2023],[ssl:warn],[pid,4924:tid,332],AH01909:,www.example.com:443:0,server,certificate,does,NOT,include,an,ID,which,matches,the,server,name,,,,,,,,,,,,,,,,,,,,,
[Tue,Mar,14,57:22.0,2023],[mpm_winnt:notice],[pid,4924:tid,332],AH00455:,Apache/2.4.54,(Win64),OpenSSL/1.1.1p,PHP/8.0.25,configured,--,resuming,normal,operations,,,,,,,,,,,,,,,,,,,,,,,,,
[Tue,Mar,14,57:22.0,2023],[mpm_winnt:notice],[pid,4924:tid,332],AH00456:,Apache,Lounge,VS16,Server,built:,Jun,22,2022,9:58:15,,,,,,,,,,,,,,,,,,,,,,,,,
[Tue,Mar,14,57:22.0,2023],[core:notice],[pid,4924:tid,332],AH00094:,Command,line:,'c:\\xampp\\apache\\bin\\httpd.exe,#NAME?,C:/xampp/apache',,,,,,,,,,,,,,,,,,,,,,,,,,,,,
[Tue,Mar,14,57:22.0,2023],[mpm_winnt:notice],[pid,4924:tid,332],AH00418:,Parent:,Created,child,process,4060,,,,,,,,,,,,,,,,,,,,,,,,,,,,,
[Tue,Mar,14,57:22.6,2023],[ssl:warn],[pid,4060:tid,336],AH01909:,www.example.com:443:0,server,certificate,does,NOT,include,an,ID,which,matches,the,server,name,,,,,,,,,,,,,,,,,,,,,
[Tue,Mar,14,57:22.7,2023],[ssl:warn],[pid,4060:tid,336],AH01909:,www.example.com:443:0,server,certificate,does,NOT,include,an,ID,which,matches,the,server,name,,,,,,,,,,,,,,,,,,,,,
[Tue,Mar,14,57:22.7,2023],[mpm_winnt:notice],[pid,4060:tid,336],AH00354:,Child:,Starting,150,worker,threads.,,,,,,,,,,,,,,,,,,,,,,,,,,,,,
[Tue,Mar,14,57:51.8,2023],[php:error],[pid,4060:tid,1896],[client,::1:49721],script,'C:/xampp/htdocs/signup.php',not,found,or,unable,to,"stat,",referer:,http://localhost/signup.php,,,,,,,,,,,,,,,,,,,,,,,
[Tue,Mar,14,07:08.5,2023],[authz_core:error],[pid,4060:tid,1888],[client,185.180.143.71:41390],AH01630:,client,denied,by,server,configuration:,C:/xampp/webalizer/index.php,,,,,,,,,,,,,,,,,,,,,,,,,,
[Tue,Mar,14,07:08.5,2023],[authz_core:error],[pid,4060:tid,1888],[client,185.180.143.71:41390],AH01630:,client,denied,by,server,configuration:,C:/xampp/webalizer/index.pl,,,,,,,,,,,,,,,,,,,,,,,,,,
[Tue,Mar,14,07:08.5,2023],[authz_core:error],[pid,4060:tid,1888],[client,185.180.143.71:41390],AH01630:,client,denied,by,server,configuration:,C:/xampp/webalizer/index.cgi,,,,,,,,,,,,,,,,,,,,,,,,,,
[Tue,Mar,14,07:08.5,2023],[authz_core:error],[pid,4060:tid,1888],[client,185.180.143.71:41390],AH01630:,client,denied,by,server,configuration:,C:/xampp/webalizer/index.asp,,,,,,,,,,,,,,,,,,,,,,,,,,
[Tue,Mar,14,07:08.5,2023],[authz_core:error],[pid,4060:tid,1888],[client,185.180.143.71:41390],AH01630:,client,denied,by,server,configuration:,C:/xampp/webalizer/index.shtml,,,,,,,,,,,,,,,,,,,,,,,,,,
[Tue,Mar,14,07:08.5,2023],[authz_core:error],[pid,4060:tid,1888],[client,185.180.143.71:41390],AH01630:,client,denied,by,server,configuration:,C:/xampp/webalizer/index.html,,,,,,,,,,,,,,,,,,,,,,,,,,
[Tue,Mar,14,07:08.5,2023],[authz_core:error],[pid,4060:tid,1888],[client,185.180.143.71:41390],AH01630:,client,denied,by,server,configuration:,C:/xampp/webalizer/index.htm,,,,,,,,,,,,,,,,,,,,,,,,,,
[Tue,Mar,14,07:08.5,2023],[authz_core:error],[pid,4060:tid,1888],[client,185.180.143.71:41390],AH01630:,client,denied,by,server,configuration:,C:/xampp/webalizer/default.php,,,,,,,,,,,,,,,,,,,,,,,,,,
[Tue,Mar,14,07:08.5,2023],[authz_core:error],[pid,4060:tid,1888],[client,185.180.143.71:41390],AH01630:,client,denied,by,server,configuration:,C:/xampp/webalizer/default.pl,,,,,,,,,,,,,,,,,,,,,,,,,,
[Tue,Mar,14,07:08.5,2023],[authz_core:error],[pid,4060:tid,1888],[client,185.180.143.71:41390],AH01630:,client,denied,by,server,configuration:,C:/xampp/webalizer/default.cgi,,,,,,,,,,,,,,,,,,,,,,,,,,
[Tue,Mar,14,07:08.5,2023],[authz_core:error],[pid,4060:tid,1888],[client,185.180.143.71:41390],AH01630:,client,denied,by,server,configuration:,C:/xampp/webalizer/default.asp,,,,,,,,,,,,,,,,,,,,,,,,,,
[Tue,Mar,14,07:08.5,2023],[authz_core:error],[pid,4060:tid,1888],[client,185.180.143.71:41390],AH01630:,client,denied,by,server,configuration:,C:/xampp/webalizer/default.shtml,,,,,,,,,,,,,,,,,,,,,,,,,,
[Tue,Mar,14,07:08.5,2023],[authz_core:error],[pid,4060:tid,1888],[client,185.180.143.71:41390],AH01630:,client,denied,by,server,configuration:,C:/xampp/webalizer/default.html,,,,,,,,,,,,,,,,,,,,,,,,,,
[Tue,Mar,14,07:08.5,2023],[authz_core:error],[pid,4060:tid,1888],[client,185.180.143.71:41390],AH01630:,client,denied,by,server,configuration:,C:/xampp/webalizer/default.htm,,,,,,,,,,,,,,,,,,,,,,,,,,
[Tue,Mar,14,07:08.5,2023],[authz_core:error],[pid,4060:tid,1888],[client,185.180.143.71:41390],AH01630:,client,denied,by,server,configuration:,C:/xampp/webalizer/home.php,,,,,,,,,,,,,,,,,,,,,,,,,,
[Tue,Mar,14,07:08.5,2023],[authz_core:error],[pid,4060:tid,1888],[client,185.180.143.71:41390],AH01630:,client,denied,by,server,configuration:,C:/xampp/webalizer/home.pl,,,,,,,,,,,,,,,,,,,,,,,,,,
[Tue,Mar,14,07:08.5,2023],[authz_core:error],[pid,4060:tid,1888],[client,185.180.143.71:41390],AH01630:,client,denied,by,server,configuration:,C:/xampp/webalizer/home.cgi,,,,,,,,,,,,,,,,,,,,,,,,,,
[Tue,Mar,14,07:08.5,2023],[authz_core:error],[pid,4060:tid,1888],[client,185.180.143.71:41390],AH01630:,client,denied,by,server,configuration:,C:/xampp/webalizer/home.asp,,,,,,,,,,,,,,,,,,,,,,,,,,
[Tue,Mar,14,07:08.5,2023],[authz_core:error],[pid,4060:tid,1888],[client,185.180.143.71:41390],AH01630:,client,denied,by,server,configuration:,C:/xampp/webalizer/home.shtml,,,,,,,,,,,,,,,,,,,,,,,,,,
[Tue,Mar,14,07:08.5,2023],[authz_core:error],[pid,4060:tid,1888],[client,185.180.143.71:41390],AH01630:,client,denied,by,server,configuration:,C:/xampp/webalizer/home.html,,,,,,,,,,,,,,,,,,,,,,,,,,
[Tue,Mar,14,07:08.5,2023],[authz_core:error],[pid,4060:tid,1888],[client,185.180.143.71:41390],AH01630:,client,denied,by,server,configuration:,C:/xampp/webalizer/home.htm,,,,,,,,,,,,,,,,,,,,,,,,,,
[Tue,Mar,14,07:15.2,2023],[core:error],[pid,4060:tid,1888],[client,185.180.143.71:49050],AH10244:,invalid,URI,path,(/dana-na/../dana/html5acc/guacamole/../../../../../../../etc/services?/dana/html5acc/guacamole/),,,,,,,,,,,,,,,,,,,,,,,,,,,,
[Tue,Mar,14,32:40.6,2023],[authz_core:error],[pid,4060:tid,1888],[client,193.32.162.159:42126],AH01630:,client,denied,by,server,configuration:,C:/xampp/webalizer/index.php,,,,,,,,,,,,,,,,,,,,,,,,,,
[Tue,Mar,14,32:40.6,2023],[authz_core:error],[pid,4060:tid,1888],[client,193.32.162.159:42126],AH01630:,client,denied,by,server,configuration:,C:/xampp/webalizer/index.pl,,,,,,,,,,,,,,,,,,,,,,,,,,
[Tue,Mar,14,32:40.6,2023],[authz_core:error],[pid,4060:tid,1888],[client,193.32.162.159:42126],AH01630:,client,denied,by,server,configuration:,C:/xampp/webalizer/index.cgi,,,,,,,,,,,,,,,,,,,,,,,,,,
[Tue,Mar,14,32:40.6,2023],[authz_core:error],[pid,4060:tid,1888],[client,193.32.162.159:42126],AH01630:,client,denied,by,server,configuration:,C:/xampp/webalizer/index.asp,,,,,,,,,,,,,,,,,,,,,,,,,,
[Tue,Mar,14,32:40.6,2023],[authz_core:error],[pid,4060:tid,1888],[client,193.32.162.159:42126],AH01630:,client,denied,by,server,configuration:,C:/xampp/webalizer/index.shtml,,,,,,,,,,,,,,,,,,,,,,,,,,
[Tue,Mar,14,32:40.6,2023],[authz_core:error],[pid,4060:tid,1888],[client,193.32.162.159:42126],AH01630:,client,denied,by,server,configuration:,C:/xampp/webalizer/index.html,,,,,,,,,,,,,,,,,,,,,,,,,,
[Tue,Mar,14,32:40.6,2023],[authz_core:error],[pid,4060:tid,1888],[client,193.32.162.159:42126],AH01630:,client,denied,by,server,configuration:,C:/xampp/webalizer/index.htm,,,,,,,,,,,,,,,,,,,,,,,,,,
[Tue,Mar,14,32:40.6,2023],[authz_core:error],[pid,4060:tid,1888],[client,193.32.162.159:42126],AH01630:,client,denied,by,server,configuration:,C:/xampp/webalizer/default.php,,,,,,,,,,,,,,,,,,,,,,,,,,
[Tue,Mar,14,32:40.6,2023],[authz_core:error],[pid,4060:tid,1888],[client,193.32.162.159:42126],AH01630:,client,denied,by,server,configuration:,C:/xampp/webalizer/default.pl,,,,,,,,,,,,,,,,,,,,,,,,,,
[Tue,Mar,14,32:40.6,2023],[authz_core:error],[pid,4060:tid,1888],[client,193.32.162.159:42126],AH01630:,client,denied,by,server,configuration:,C:/xampp/webalizer/default.cgi,,,,,,,,,,,,,,,,,,,,,,,,,,
[Tue,Mar,14,32:40.6,2023],[authz_core:error],[pid,4060:tid,1888],[client,193.32.162.159:42126],AH01630:,client,denied,by,server,configuration:,C:/xampp/webalizer/default.asp,,,,,,,,,,,,,,,,,,,,,,,,,,
[Tue,Mar,14,32:40.6,2023],[authz_core:error],[pid,4060:tid,1888],[client,193.32.162.159:42126],AH01630:,client,denied,by,server,configuration:,C:/xampp/webalizer/default.shtml,,,,,,,,,,,,,,,,,,,,,,,,,,
[Tue,Mar,14,32:40.6,2023],[authz_core:error],[pid,4060:tid,1888],[client,193.32.162.159:42126],AH01630:,client,denied,by,server,configuration:,C:/xampp/webalizer/default.html,,,,,,,,,,,,,,,,,,,,,,,,,,
[Tue,Mar,14,32:40.6,2023],[authz_core:error],[pid,4060:tid,1888],[client,193.32.162.159:42126],AH01630:,client,denied,by,server,configuration:,C:/xampp/webalizer/default.htm,,,,,,,,,,,,,,,,,,,,,,,,,,
[Tue,Mar,14,32:40.6,2023],[authz_core:error],[pid,4060:tid,1888],[client,193.32.162.159:42126],AH01630:,client,denied,by,server,configuration:,C:/xampp/webalizer/home.php,,,,,,,,,,,,,,,,,,,,,,,,,,
[Tue,Mar,14,32:40.6,2023],[authz_core:error],[pid,4060:tid,1888],[client,193.32.162.159:42126],AH01630:,client,denied,by,server,configuration:,C:/xampp/webalizer/home.pl,,,,,,,,,,,,,,,,,,,,,,,,,,
[Tue,Mar,14,32:40.6,2023],[authz_core:error],[pid,4060:tid,1888],[client,193.32.162.159:42126],AH01630:,client,denied,by,server,configuration:,C:/xampp/webalizer/home.cgi,,,,,,,,,,,,,,,,,,,,,,,,,,
[Tue,Mar,14,32:40.6,2023],[authz_core:error],[pid,4060:tid,1888],[client,193.32.162.159:42126],AH01630:,client,denied,by,server,configuration:,C:/xampp/webalizer/home.asp,,,,,,,,,,,,,,,,,,,,,,,,,,
[Tue,Mar,14,32:40.6,2023],[authz_core:error],[pid,4060:tid,1888],[client,193.32.162.159:42126],AH01630:,client,denied,by,server,configuration:,C:/xampp/webalizer/home.shtml,,,,,,,,,,,,,,,,,,,,,,,,,,
[Tue,Mar,14,32:40.6,2023],[authz_core:error],[pid,4060:tid,1888],[client,193.32.162.159:42126],AH01630:,client,denied,by,server,configuration:,C:/xampp/webalizer/home.html,,,,,,,,,,,,,,,,,,,,,,,,,,
[Tue,Mar,14,32:40.6,2023],[authz_core:error],[pid,4060:tid,1888],[client,193.32.162.159:42126],AH01630:,client,denied,by,server,configuration:,C:/xampp/webalizer/home.htm,,,,,,,,,,,,,,,,,,,,,,,,,,
[Tue,Mar,14,09:05.7,2023],[authz_core:error],[pid,4060:tid,1888],[client,128.14.209.162:46458],AH01630:,client,denied,by,server,configuration:,C:/xampp/webalizer/index.php,,,,,,,,,,,,,,,,,,,,,,,,,,
[Tue,Mar,14,09:05.7,2023],[authz_core:error],[pid,4060:tid,1888],[client,128.14.209.162:46458],AH01630:,client,denied,by,server,configuration:,C:/xampp/webalizer/index.pl,,,,,,,,,,,,,,,,,,,,,,,,,,
[Tue,Mar,14,09:05.7,2023],[authz_core:error],[pid,4060:tid,1888],[client,128.14.209.162:46458],AH01630:,client,denied,by,server,configuration:,C:/xampp/webalizer/index.cgi,,,,,,,,,,,,,,,,,,,,,,,,,,
[Tue,Mar,14,09:05.7,2023],[authz_core:error],[pid,4060:tid,1888],[client,128.14.209.162:46458],AH01630:,client,denied,by,server,configuration:,C:/xampp/webalizer/index.asp,,,,,,,,,,,,,,,,,,,,,,,,,,
[Tue,Mar,14,09:05.7,2023],[authz_core:error],[pid,4060:tid,1888],[client,128.14.209.162:46458],AH01630:,client,denied,by,server,configuration:,C:/xampp/webalizer/index.shtml,,,,,,,,,,,,,,,,,,,,,,,,,,
[Tue,Mar,14,09:05.7,2023],[authz_core:error],[pid,4060:tid,1888],[client,128.14.209.162:46458],AH01630:,client,denied,by,server,configuration:,C:/xampp/webalizer/index.html,,,,,,,,,,,,,,,,,,,,,,,,,,
[Tue,Mar,14,09:05.7,2023],[authz_core:error],[pid,4060:tid,1888],[client,128.14.209.162:46458],AH01630:,client,denied,by,server,configuration:,C:/xampp/webalizer/index.htm,,,,,,,,,,,,,,,,,,,,,,,,,,
[Tue,Mar,14,09:05.7,2023],[authz_core:error],[pid,4060:tid,1888],[client,128.14.209.162:46458],AH01630:,client,denied,by,server,configuration:,C:/xampp/webalizer/default.php,,,,,,,,,,,,,,,,,,,,,,,,,,
[Tue,Mar,14,09:05.7,2023],[authz_core:error],[pid,4060:tid,1888],[client,128.14.209.162:46458],AH01630:,client,denied,by,server,configuration:,C:/xampp/webalizer/default.pl,,,,,,,,,,,,,,,,,,,,,,,,,,
[Tue,Mar,14,09:05.7,2023],[authz_core:error],[pid,4060:tid,1888],[client,128.14.209.162:46458],AH01630:,client,denied,by,server,configuration:,C:/xampp/webalizer/default.cgi,,,,,,,,,,,,,,,,,,,,,,,,,,
[Tue,Mar,14,09:05.7,2023],[authz_core:error],[pid,4060:tid,1888],[client,128.14.209.162:46458],AH01630:,client,denied,by,server,configuration:,C:/xampp/webalizer/default.asp,,,,,,,,,,,,,,,,,,,,,,,,,,
[Tue,Mar,14,09:05.7,2023],[authz_core:error],[pid,4060:tid,1888],[client,128.14.209.162:46458],AH01630:,client,denied,by,server,configuration:,C:/xampp/webalizer/default.shtml,,,,,,,,,,,,,,,,,,,,,,,,,,
[Tue,Mar,14,09:05.7,2023],[authz_core:error],[pid,4060:tid,1888],[client,128.14.209.162:46458],AH01630:,client,denied,by,server,configuration:,C:/xampp/webalizer/default.html,,,,,,,,,,,,,,,,,,,,,,,,,,
[Tue,Mar,14,09:05.7,2023],[authz_core:error],[pid,4060:tid,1888],[client,128.14.209.162:46458],AH01630:,client,denied,by,server,configuration:,C:/xampp/webalizer/default.htm,,,,,,,,,,,,,,,,,,,,,,,,,,
[Tue,Mar,14,09:05.7,2023],[authz_core:error],[pid,4060:tid,1888],[client,128.14.209.162:46458],AH01630:,client,denied,by,server,configuration:,C:/xampp/webalizer/home.php,,,,,,,,,,,,,,,,,,,,,,,,,,
[Tue,Mar,14,09:05.7,2023],[authz_core:error],[pid,4060:tid,1888],[client,128.14.209.162:46458],AH01630:,client,denied,by,server,configuration:,C:/xampp/webalizer/home.pl,,,,,,,,,,,,,,,,,,,,,,,,,,
[Tue,Mar,14,09:05.7,2023],[authz_core:error],[pid,4060:tid,1888],[client,128.14.209.162:46458],AH01630:,client,denied,by,server,configuration:,C:/xampp/webalizer/home.cgi,,,,,,,,,,,,,,,,,,,,,,,,,,
[Tue,Mar,14,09:05.7,2023],[authz_core:error],[pid,4060:tid,1888],[client,128.14.209.162:46458],AH01630:,client,denied,by,server,configuration:,C:/xampp/webalizer/home.asp,,,,,,,,,,,,,,,,,,,,,,,,,,
[Tue,Mar,14,09:05.8,2023],[authz_core:error],[pid,4060:tid,1888],[client,128.14.209.162:46458],AH01630:,client,denied,by,server,configuration:,C:/xampp/webalizer/home.shtml,,,,,,,,,,,,,,,,,,,,,,,,,,
[Tue,Mar,14,09:05.8,2023],[authz_core:error],[pid,4060:tid,1888],[client,128.14.209.162:46458],AH01630:,client,denied,by,server,configuration:,C:/xampp/webalizer/home.html,,,,,,,,,,,,,,,,,,,,,,,,,,
[Tue,Mar,14,09:05.8,2023],[authz_core:error],[pid,4060:tid,1888],[client,128.14.209.162:46458],AH01630:,client,denied,by,server,configuration:,C:/xampp/webalizer/home.htm,,,,,,,,,,,,,,,,,,,,,,,,,,
[Tue,Mar,14,26:41.0,2023],[authz_core:error],[pid,4060:tid,1888],[client,170.64.138.102:49466],AH01630:,client,denied,by,server,configuration:,C:/xampp/webalizer/index.php,,,,,,,,,,,,,,,,,,,,,,,,,,
[Tue,Mar,14,26:41.0,2023],[authz_core:error],[pid,4060:tid,1888],[client,170.64.138.102:49466],AH01630:,client,denied,by,server,configuration:,C:/xampp/webalizer/index.pl,,,,,,,,,,,,,,,,,,,,,,,,,,
[Tue,Mar,14,26:41.0,2023],[authz_core:error],[pid,4060:tid,1888],[client,170.64.138.102:49466],AH01630:,client,denied,by,server,configuration:,C:/xampp/webalizer/index.cgi,,,,,,,,,,,,,,,,,,,,,,,,,,
[Tue,Mar,14,26:41.0,2023],[authz_core:error],[pid,4060:tid,1888],[client,170.64.138.102:49466],AH01630:,client,denied,by,server,configuration:,C:/xampp/webalizer/index.asp,,,,,,,,,,,,,,,,,,,,,,,,,,
[Tue,Mar,14,26:41.0,2023],[authz_core:error],[pid,4060:tid,1888],[client,170.64.138.102:49466],AH01630:,client,denied,by,server,configuration:,C:/xampp/webalizer/index.shtml,,,,,,,,,,,,,,,,,,,,,,,,,,
[Tue,Mar,14,26:41.0,2023],[authz_core:error],[pid,4060:tid,1888],[client,170.64.138.102:49466],AH01630:,client,denied,by,server,configuration:,C:/xampp/webalizer/index.html,,,,,,,,,,,,,,,,,,,,,,,,,,
[Tue,Mar,14,26:41.0,2023],[authz_core:error],[pid,4060:tid,1888],[client,170.64.138.102:49466],AH01630:,client,denied,by,server,configuration:,C:/xampp/webalizer/index.htm,,,,,,,,,,,,,,,,,,,,,,,,,,
[Tue,Mar,14,26:41.0,2023],[authz_core:error],[pid,4060:tid,1888],[client,170.64.138.102:49466],AH01630:,client,denied,by,server,configuration:,C:/xampp/webalizer/default.php,,,,,,,,,,,,,,,,,,,,,,,,,,
[Tue,Mar,14,26:41.0,2023],[authz_core:error],[pid,4060:tid,1888],[client,170.64.138.102:49466],AH01630:,client,denied,by,server,configuration:,C:/xampp/webalizer/default.pl,,,,,,,,,,,,,,,,,,,,,,,,,,
[Tue,Mar,14,26:41.0,2023],[authz_core:error],[pid,4060:tid,1888],[client,170.64.138.102:49466],AH01630:,client,denied,by,server,configuration:,C:/xampp/webalizer/default.cgi,,,,,,,,,,,,,,,,,,,,,,,,,,
[Tue,Mar,14,26:41.0,2023],[authz_core:error],[pid,4060:tid,1888],[client,170.64.138.102:49466],AH01630:,client,denied,by,server,configuration:,C:/xampp/webalizer/default.asp,,,,,,,,,,,,,,,,,,,,,,,,,,
[Tue,Mar,14,26:41.0,2023],[authz_core:error],[pid,4060:tid,1888],[client,170.64.138.102:49466],AH01630:,client,denied,by,server,configuration:,C:/xampp/webalizer/default.shtml,,,,,,,,,,,,,,,,,,,,,,,,,,
[Tue,Mar,14,26:41.0,2023],[authz_core:error],[pid,4060:tid,1888],[client,170.64.138.102:49466],AH01630:,client,denied,by,server,configuration:,C:/xampp/webalizer/default.html,,,,,,,,,,,,,,,,,,,,,,,,,,
[Tue,Mar,14,26:41.0,2023],[authz_core:error],[pid,4060:tid,1888],[client,170.64.138.102:49466],AH01630:,client,denied,by,server,configuration:,C:/xampp/webalizer/default.htm,,,,,,,,,,,,,,,,,,,,,,,,,,
[Tue,Mar,14,26:41.0,2023],[authz_core:error],[pid,4060:tid,1888],[client,170.64.138.102:49466],AH01630:,client,denied,by,server,configuration:,C:/xampp/webalizer/home.php,,,,,,,,,,,,,,,,,,,,,,,,,,
[Tue,Mar,14,26:41.0,2023],[authz_core:error],[pid,4060:tid,1888],[client,170.64.138.102:49466],AH01630:,client,denied,by,server,configuration:,C:/xampp/webalizer/home.pl,,,,,,,,,,,,,,,,,,,,,,,,,,
[Tue,Mar,14,26:41.0,2023],[authz_core:error],[pid,4060:tid,1888],[client,170.64.138.102:49466],AH01630:,client,denied,by,server,configuration:,C:/xampp/webalizer/home.cgi,,,,,,,,,,,,,,,,,,,,,,,,,,
[Tue,Mar,14,26:41.0,2023],[authz_core:error],[pid,4060:tid,1888],[client,170.64.138.102:49466],AH01630:,client,denied,by,server,configuration:,C:/xampp/webalizer/home.asp,,,,,,,,,,,,,,,,,,,,,,,,,,
[Tue,Mar,14,26:41.0,2023],[authz_core:error],[pid,4060:tid,1888],[client,170.64.138.102:49466],AH01630:,client,denied,by,server,configuration:,C:/xampp/webalizer/home.shtml,,,,,,,,,,,,,,,,,,,,,,,,,,
[Tue,Mar,14,26:41.0,2023],[authz_core:error],[pid,4060:tid,1888],[client,170.64.138.102:49466],AH01630:,client,denied,by,server,configuration:,C:/xampp/webalizer/home.html,,,,,,,,,,,,,,,,,,,,,,,,,,
[Tue,Mar,14,26:41.0,2023],[authz_core:error],[pid,4060:tid,1888],[client,170.64.138.102:49466],AH01630:,client,denied,by,server,configuration:,C:/xampp/webalizer/home.htm,,,,,,,,,,,,,,,,,,,,,,,,,,
[Tue,Mar,14,26:41.9,2023],[php:error],[pid,4060:tid,1888],[client,170.64.138.102:49478],script,'C:/xampp/htdocs/upl.php',not,found,or,unable,to,stat,,,,,,,,,,,,,,,,,,,,,,,,,
[Tue,Mar,14,31:01.1,2023],[authz_core:error],[pid,4060:tid,1888],[client,103.153.254.110:48688],AH01630:,client,denied,by,server,configuration:,C:/xampp/webalizer/index.php,,,,,,,,,,,,,,,,,,,,,,,,,,
[Tue,Mar,14,31:01.1,2023],[authz_core:error],[pid,4060:tid,1888],[client,103.153.254.110:48688],AH01630:,client,denied,by,server,configuration:,C:/xampp/webalizer/index.pl,,,,,,,,,,,,,,,,,,,,,,,,,,
[Tue,Mar,14,31:01.1,2023],[authz_core:error],[pid,4060:tid,1888],[client,103.153.254.110:48688],AH01630:,client,denied,by,server,configuration:,C:/xampp/webalizer/index.cgi,,,,,,,,,,,,,,,,,,,,,,,,,,
[Tue,Mar,14,31:01.1,2023],[authz_core:error],[pid,4060:tid,1888],[client,103.153.254.110:48688],AH01630:,client,denied,by,server,configuration:,C:/xampp/webalizer/index.asp,,,,,,,,,,,,,,,,,,,,,,,,,,
[Tue,Mar,14,31:01.1,2023],[authz_core:error],[pid,4060:tid,1888],[client,103.153.254.110:48688],AH01630:,client,denied,by,server,configuration:,C:/xampp/webalizer/index.shtml,,,,,,,,,,,,,,,,,,,,,,,,,,
[Tue,Mar,14,31:01.1,2023],[authz_core:error],[pid,4060:tid,1888],[client,103.153.254.110:48688],AH01630:,client,denied,by,server,configuration:,C:/xampp/webalizer/index.html,,,,,,,,,,,,,,,,,,,,,,,,,,
[Tue,Mar,14,31:01.1,2023],[authz_core:error],[pid,4060:tid,1888],[client,103.153.254.110:48688],AH01630:,client,denied,by,server,configuration:,C:/xampp/webalizer/index.htm,,,,,,,,,,,,,,,,,,,,,,,,,,
[Tue,Mar,14,31:01.1,2023],[authz_core:error],[pid,4060:tid,1888],[client,103.153.254.110:48688],AH01630:,client,denied,by,server,configuration:,C:/xampp/webalizer/default.php,,,,,,,,,,,,,,,,,,,,,,,,,,
[Tue,Mar,14,31:01.1,2023],[authz_core:error],[pid,4060:tid,1888],[client,103.153.254.110:48688],AH01630:,client,denied,by,server,configuration:,C:/xampp/webalizer/default.pl,,,,,,,,,,,,,,,,,,,,,,,,,,
[Tue,Mar,14,31:01.1,2023],[authz_core:error],[pid,4060:tid,1888],[client,103.153.254.110:48688],AH01630:,client,denied,by,server,configuration:,C:/xampp/webalizer/default.cgi,,,,,,,,,,,,,,,,,,,,,,,,,,
[Tue,Mar,14,31:01.1,2023],[authz_core:error],[pid,4060:tid,1888],[client,103.153.254.110:48688],AH01630:,client,denied,by,server,configuration:,C:/xampp/webalizer/default.asp,,,,,,,,,,,,,,,,,,,,,,,,,,
[Tue,Mar,14,31:01.1,2023],[authz_core:error],[pid,4060:tid,1888],[client,103.153.254.110:48688],AH01630:,client,denied,by,server,configuration:,C:/xampp/webalizer/default.shtml,,,,,,,,,,,,,,,,,,,,,,,,,,
[Tue,Mar,14,31:01.1,2023],[authz_core:error],[pid,4060:tid,1888],[client,103.153.254.110:48688],AH01630:,client,denied,by,server,configuration:,C:/xampp/webalizer/default.html,,,,,,,,,,,,,,,,,,,,,,,,,,
[Tue,Mar,14,31:01.1,2023],[authz_core:error],[pid,4060:tid,1888],[client,103.153.254.110:48688],AH01630:,client,denied,by,server,configuration:,C:/xampp/webalizer/default.htm,,,,,,,,,,,,,,,,,,,,,,,,,,
[Tue,Mar,14,31:01.1,2023],[authz_core:error],[pid,4060:tid,1888],[client,103.153.254.110:48688],AH01630:,client,denied,by,server,configuration:,C:/xampp/webalizer/home.php,,,,,,,,,,,,,,,,,,,,,,,,,,
[Tue,Mar,14,31:01.1,2023],[authz_core:error],[pid,4060:tid,1888],[client,103.153.254.110:48688],AH01630:,client,denied,by,server,configuration:,C:/xampp/webalizer/home.pl,,,,,,,,,,,,,,,,,,,,,,,,,,
[Tue,Mar,14,31:01.1,2023],[authz_core:error],[pid,4060:tid,1888],[client,103.153.254.110:48688],AH01630:,client,denied,by,server,configuration:,C:/xampp/webalizer/home.cgi,,,,,,,,,,,,,,,,,,,,,,,,,,
[Tue,Mar,14,31:01.1,2023],[authz_core:error],[pid,4060:tid,1888],[client,103.153.254.110:48688],AH01630:,client,denied,by,server,configuration:,C:/xampp/webalizer/home.asp,,,,,,,,,,,,,,,,,,,,,,,,,,
[Tue,Mar,14,31:01.1,2023],[authz_core:error],[pid,4060:tid,1888],[client,103.153.254.110:48688],AH01630:,client,denied,by,server,configuration:,C:/xampp/webalizer/home.shtml,,,,,,,,,,,,,,,,,,,,,,,,,,
[Tue,Mar,14,31:01.1,2023],[authz_core:error],[pid,4060:tid,1888],[client,103.153.254.110:48688],AH01630:,client,denied,by,server,configuration:,C:/xampp/webalizer/home.html,,,,,,,,,,,,,,,,,,,,,,,,,,
[Tue,Mar,14,31:01.1,2023],[authz_core:error],[pid,4060:tid,1888],[client,103.153.254.110:48688],AH01630:,client,denied,by,server,configuration:,C:/xampp/webalizer/home.htm,,,,,,,,,,,,,,,,,,,,,,,,,,
[Tue,Mar,14,56:19.8,2023],[authz_core:error],[pid,4060:tid,1888],[client,154.209.125.12:12211],AH01630:,client,denied,by,server,configuration:,C:/xampp/webalizer/index.php,,,,,,,,,,,,,,,,,,,,,,,,,,
[Tue,Mar,14,56:19.8,2023],[authz_core:error],[pid,4060:tid,1888],[client,154.209.125.12:12211],AH01630:,client,denied,by,server,configuration:,C:/xampp/webalizer/index.pl,,,,,,,,,,,,,,,,,,,,,,,,,,
[Tue,Mar,14,56:19.8,2023],[authz_core:error],[pid,4060:tid,1888],[client,154.209.125.12:12211],AH01630:,client,denied,by,server,configuration:,C:/xampp/webalizer/index.cgi,,,,,,,,,,,,,,,,,,,,,,,,,,
[Tue,Mar,14,56:19.8,2023],[authz_core:error],[pid,4060:tid,1888],[client,154.209.125.12:12211],AH01630:,client,denied,by,server,configuration:,C:/xampp/webalizer/index.asp,,,,,,,,,,,,,,,,,,,,,,,,,,
[Tue,Mar,14,56:19.8,2023],[authz_core:error],[pid,4060:tid,1888],[client,154.209.125.12:12211],AH01630:,client,denied,by,server,configuration:,C:/xampp/webalizer/index.shtml,,,,,,,,,,,,,,,,,,,,,,,,,,
[Tue,Mar,14,56:19.8,2023],[authz_core:error],[pid,4060:tid,1888],[client,154.209.125.12:12211],AH01630:,client,denied,by,server,configuration:,C:/xampp/webalizer/index.html,,,,,,,,,,,,,,,,,,,,,,,,,,
[Tue,Mar,14,56:19.8,2023],[authz_core:error],[pid,4060:tid,1888],[client,154.209.125.12:12211],AH01630:,client,denied,by,server,configuration:,C:/xampp/webalizer/index.htm,,,,,,,,,,,,,,,,,,,,,,,,,,
[Tue,Mar,14,56:19.9,2023],[authz_core:error],[pid,4060:tid,1888],[client,154.209.125.12:12211],AH01630:,client,denied,by,server,configuration:,C:/xampp/webalizer/default.php,,,,,,,,,,,,,,,,,,,,,,,,,,
[Tue,Mar,14,56:19.9,2023],[authz_core:error],[pid,4060:tid,1888],[client,154.209.125.12:12211],AH01630:,client,denied,by,server,configuration:,C:/xampp/webalizer/default.pl,,,,,,,,,,,,,,,,,,,,,,,,,,
[Tue,Mar,14,56:19.9,2023],[authz_core:error],[pid,4060:tid,1888],[client,154.209.125.12:12211],AH01630:,client,denied,by,server,configuration:,C:/xampp/webalizer/default.cgi,,,,,,,,,,,,,,,,,,,,,,,,,,
[Tue,Mar,14,56:19.9,2023],[authz_core:error],[pid,4060:tid,1888],[client,154.209.125.12:12211],AH01630:,client,denied,by,server,configuration:,C:/xampp/webalizer/default.asp,,,,,,,,,,,,,,,,,,,,,,,,,,
[Tue,Mar,14,56:19.9,2023],[authz_core:error],[pid,4060:tid,1888],[client,154.209.125.12:12211],AH01630:,client,denied,by,server,configuration:,C:/xampp/webalizer/default.shtml,,,,,,,,,,,,,,,,,,,,,,,,,,
[Tue,Mar,14,56:19.9,2023],[authz_core:error],[pid,4060:tid,1888],[client,154.209.125.12:12211],AH01630:,client,denied,by,server,configuration:,C:/xampp/webalizer/default.html,,,,,,,,,,,,,,,,,,,,,,,,,,
[Tue,Mar,14,56:19.9,2023],[authz_core:error],[pid,4060:tid,1888],[client,154.209.125.12:12211],AH01630:,client,denied,by,server,configuration:,C:/xampp/webalizer/default.htm,,,,,,,,,,,,,,,,,,,,,,,,,,
[Tue,Mar,14,56:19.9,2023],[authz_core:error],[pid,4060:tid,1888],[client,154.209.125.12:12211],AH01630:,client,denied,by,server,configuration:,C:/xampp/webalizer/home.php,,,,,,,,,,,,,,,,,,,,,,,,,,
[Tue,Mar,14,56:19.9,2023],[authz_core:error],[pid,4060:tid,1888],[client,154.209.125.12:12211],AH01630:,client,denied,by,server,configuration:,C:/xampp/webalizer/home.pl,,,,,,,,,,,,,,,,,,,,,,,,,,
[Tue,Mar,14,56:19.9,2023],[authz_core:error],[pid,4060:tid,1888],[client,154.209.125.12:12211],AH01630:,client,denied,by,server,configuration:,C:/xampp/webalizer/home.cgi,,,,,,,,,,,,,,,,,,,,,,,,,,
[Tue,Mar,14,56:19.9,2023],[authz_core:error],[pid,4060:tid,1888],[client,154.209.125.12:12211],AH01630:,client,denied,by,server,configuration:,C:/xampp/webalizer/home.asp,,,,,,,,,,,,,,,,,,,,,,,,,,
[Tue,Mar,14,56:19.9,2023],[authz_core:error],[pid,4060:tid,1888],[client,154.209.125.12:12211],AH01630:,client,denied,by,server,configuration:,C:/xampp/webalizer/home.shtml,,,,,,,,,,,,,,,,,,,,,,,,,,
[Tue,Mar,14,56:19.9,2023],[authz_core:error],[pid,4060:tid,1888],[client,154.209.125.12:12211],AH01630:,client,denied,by,server,configuration:,C:/xampp/webalizer/home.html,,,,,,,,,,,,,,,,,,,,,,,,,,
[Tue,Mar,14,56:19.9,2023],[authz_core:error],[pid,4060:tid,1888],[client,154.209.125.12:12211],AH01630:,client,denied,by,server,configuration:,C:/xampp/webalizer/home.htm,,,,,,,,,,,,,,,,,,,,,,,,,,
[Tue,Mar,14,56:20.4,2023],[authz_core:error],[pid,4060:tid,1888],[client,154.209.125.77:18130],AH01630:,client,denied,by,server,configuration:,C:/xampp/webalizer/index.php,,,,,,,,,,,,,,,,,,,,,,,,,,
[Tue,Mar,14,56:20.4,2023],[authz_core:error],[pid,4060:tid,1888],[client,154.209.125.77:18130],AH01630:,client,denied,by,server,configuration:,C:/xampp/webalizer/index.pl,,,,,,,,,,,,,,,,,,,,,,,,,,
[Tue,Mar,14,56:20.4,2023],[authz_core:error],[pid,4060:tid,1888],[client,154.209.125.77:18130],AH01630:,client,denied,by,server,configuration:,C:/xampp/webalizer/index.cgi,,,,,,,,,,,,,,,,,,,,,,,,,,
[Tue,Mar,14,56:20.4,2023],[authz_core:error],[pid,4060:tid,1888],[client,154.209.125.77:18130],AH01630:,client,denied,by,server,configuration:,C:/xampp/webalizer/index.asp,,,,,,,,,,,,,,,,,,,,,,,,,,
[Tue,Mar,14,56:20.4,2023],[authz_core:error],[pid,4060:tid,1888],[client,154.209.125.77:18130],AH01630:,client,denied,by,server,configuration:,C:/xampp/webalizer/index.shtml,,,,,,,,,,,,,,,,,,,,,,,,,,
[Tue,Mar,14,56:20.4,2023],[authz_core:error],[pid,4060:tid,1888],[client,154.209.125.77:18130],AH01630:,client,denied,by,server,configuration:,C:/xampp/webalizer/index.html,,,,,,,,,,,,,,,,,,,,,,,,,,
[Tue,Mar,14,56:20.4,2023],[authz_core:error],[pid,4060:tid,1888],[client,154.209.125.77:18130],AH01630:,client,denied,by,server,configuration:,C:/xampp/webalizer/index.htm,,,,,,,,,,,,,,,,,,,,,,,,,,
[Tue,Mar,14,56:20.4,2023],[authz_core:error],[pid,4060:tid,1888],[client,154.209.125.77:18130],AH01630:,client,denied,by,server,configuration:,C:/xampp/webalizer/default.php,,,,,,,,,,,,,,,,,,,,,,,,,,
[Tue,Mar,14,56:20.4,2023],[authz_core:error],[pid,4060:tid,1888],[client,154.209.125.77:18130],AH01630:,client,denied,by,server,configuration:,C:/xampp/webalizer/default.pl,,,,,,,,,,,,,,,,,,,,,,,,,,
[Tue,Mar,14,56:20.4,2023],[authz_core:error],[pid,4060:tid,1888],[client,154.209.125.77:18130],AH01630:,client,denied,by,server,configuration:,C:/xampp/webalizer/default.cgi,,,,,,,,,,,,,,,,,,,,,,,,,,
[Tue,Mar,14,56:20.4,2023],[authz_core:error],[pid,4060:tid,1888],[client,154.209.125.77:18130],AH01630:,client,denied,by,server,configuration:,C:/xampp/webalizer/default.asp,,,,,,,,,,,,,,,,,,,,,,,,,,
[Tue,Mar,14,56:20.4,2023],[authz_core:error],[pid,4060:tid,1888],[client,154.209.125.77:18130],AH01630:,client,denied,by,server,configuration:,C:/xampp/webalizer/default.shtml,,,,,,,,,,,,,,,,,,,,,,,,,,
[Tue,Mar,14,56:20.4,2023],[authz_core:error],[pid,4060:tid,1888],[client,154.209.125.77:18130],AH01630:,client,denied,by,server,configuration:,C:/xampp/webalizer/default.html,,,,,,,,,,,,,,,,,,,,,,,,,,
[Tue,Mar,14,56:20.4,2023],[authz_core:error],[pid,4060:tid,1888],[client,154.209.125.77:18130],AH01630:,client,denied,by,server,configuration:,C:/xampp/webalizer/default.htm,,,,,,,,,,,,,,,,,,,,,,,,,,
[Tue,Mar,14,56:20.4,2023],[authz_core:error],[pid,4060:tid,1888],[client,154.209.125.77:18130],AH01630:,client,denied,by,server,configuration:,C:/xampp/webalizer/home.php,,,,,,,,,,,,,,,,,,,,,,,,,,
[Tue,Mar,14,56:20.4,2023],[authz_core:error],[pid,4060:tid,1888],[client,154.209.125.77:18130],AH01630:,client,denied,by,server,configuration:,C:/xampp/webalizer/home.pl,,,,,,,,,,,,,,,,,,,,,,,,,,
[Tue,Mar,14,56:20.4,2023],[authz_core:error],[pid,4060:tid,1888],[client,154.209.125.77:18130],AH01630:,client,denied,by,server,configuration:,C:/xampp/webalizer/home.cgi,,,,,,,,,,,,,,,,,,,,,,,,,,
[Tue,Mar,14,56:20.4,2023],[authz_core:error],[pid,4060:tid,1888],[client,154.209.125.77:18130],AH01630:,client,denied,by,server,configuration:,C:/xampp/webalizer/home.asp,,,,,,,,,,,,,,,,,,,,,,,,,,
[Tue,Mar,14,56:20.4,2023],[authz_core:error],[pid,4060:tid,1888],[client,154.209.125.77:18130],AH01630:,client,denied,by,server,configuration:,C:/xampp/webalizer/home.shtml,,,,,,,,,,,,,,,,,,,,,,,,,,
[Tue,Mar,14,56:20.4,2023],[authz_core:error],[pid,4060:tid,1888],[client,154.209.125.77:18130],AH01630:,client,denied,by,server,configuration:,C:/xampp/webalizer/home.html,,,,,,,,,,,,,,,,,,,,,,,,,,
[Tue,Mar,14,56:20.4,2023],[authz_core:error],[pid,4060:tid,1888],[client,154.209.125.77:18130],AH01630:,client,denied,by,server,configuration:,C:/xampp/webalizer/home.htm,,,,,,,,,,,,,,,,,,,,,,,,,,
[Tue,Mar,14,01:57.7,2023],[authz_core:error],[pid,4060:tid,1888],[client,45.79.168.172:49432],AH01630:,client,denied,by,server,configuration:,C:/xampp/webalizer/index.php,,,,,,,,,,,,,,,,,,,,,,,,,,
[Tue,Mar,14,01:57.7,2023],[authz_core:error],[pid,4060:tid,1888],[client,45.79.168.172:49432],AH01630:,client,denied,by,server,configuration:,C:/xampp/webalizer/index.pl,,,,,,,,,,,,,,,,,,,,,,,,,,
[Tue,Mar,14,01:57.7,2023],[authz_core:error],[pid,4060:tid,1888],[client,45.79.168.172:49432],AH01630:,client,denied,by,server,configuration:,C:/xampp/webalizer/index.cgi,,,,,,,,,,,,,,,,,,,,,,,,,,
[Tue,Mar,14,01:57.7,2023],[authz_core:error],[pid,4060:tid,1888],[client,45.79.168.172:49432],AH01630:,client,denied,by,server,configuration:,C:/xampp/webalizer/index.asp,,,,,,,,,,,,,,,,,,,,,,,,,,
[Tue,Mar,14,01:57.7,2023],[authz_core:error],[pid,4060:tid,1888],[client,45.79.168.172:49432],AH01630:,client,denied,by,server,configuration:,C:/xampp/webalizer/index.shtml,,,,,,,,,,,,,,,,,,,,,,,,,,
[Tue,Mar,14,01:57.7,2023],[authz_core:error],[pid,4060:tid,1888],[client,45.79.168.172:49432],AH01630:,client,denied,by,server,configuration:,C:/xampp/webalizer/index.html,,,,,,,,,,,,,,,,,,,,,,,,,,
[Tue,Mar,14,01:57.7,2023],[authz_core:error],[pid,4060:tid,1888],[client,45.79.168.172:49432],AH01630:,client,denied,by,server,configuration:,C:/xampp/webalizer/index.htm,,,,,,,,,,,,,,,,,,,,,,,,,,
[Tue,Mar,14,01:57.7,2023],[authz_core:error],[pid,4060:tid,1888],[client,45.79.168.172:49432],AH01630:,client,denied,by,server,configuration:,C:/xampp/webalizer/default.php,,,,,,,,,,,,,,,,,,,,,,,,,,
[Tue,Mar,14,01:57.7,2023],[authz_core:error],[pid,4060:tid,1888],[client,45.79.168.172:49432],AH01630:,client,denied,by,server,configuration:,C:/xampp/webalizer/default.pl,,,,,,,,,,,,,,,,,,,,,,,,,,
[Tue,Mar,14,01:57.7,2023],[authz_core:error],[pid,4060:tid,1888],[client,45.79.168.172:49432],AH01630:,client,denied,by,server,configuration:,C:/xampp/webalizer/default.cgi,,,,,,,,,,,,,,,,,,,,,,,,,,
[Tue,Mar,14,01:57.7,2023],[authz_core:error],[pid,4060:tid,1888],[client,45.79.168.172:49432],AH01630:,client,denied,by,server,configuration:,C:/xampp/webalizer/default.asp,,,,,,,,,,,,,,,,,,,,,,,,,,
[Tue,Mar,14,01:57.7,2023],[authz_core:error],[pid,4060:tid,1888],[client,45.79.168.172:49432],AH01630:,client,denied,by,server,configuration:,C:/xampp/webalizer/default.shtml,,,,,,,,,,,,,,,,,,,,,,,,,,
[Tue,Mar,14,01:57.7,2023],[authz_core:error],[pid,4060:tid,1888],[client,45.79.168.172:49432],AH01630:,client,denied,by,server,configuration:,C:/xampp/webalizer/default.html,,,,,,,,,,,,,,,,,,,,,,,,,,
[Tue,Mar,14,01:57.7,2023],[authz_core:error],[pid,4060:tid,1888],[client,45.79.168.172:49432],AH01630:,client,denied,by,server,configuration:,C:/xampp/webalizer/default.htm,,,,,,,,,,,,,,,,,,,,,,,,,,
[Tue,Mar,14,01:57.7,2023],[authz_core:error],[pid,4060:tid,1888],[client,45.79.168.172:49432],AH01630:,client,denied,by,server,configuration:,C:/xampp/webalizer/home.php,,,,,,,,,,,,,,,,,,,,,,,,,,
[Tue,Mar,14,01:57.7,2023],[authz_core:error],[pid,4060:tid,1888],[client,45.79.168.172:49432],AH01630:,client,denied,by,server,configuration:,C:/xampp/webalizer/home.pl,,,,,,,,,,,,,,,,,,,,,,,,,,
[Tue,Mar,14,01:57.7,2023],[authz_core:error],[pid,4060:tid,1888],[client,45.79.168.172:49432],AH01630:,client,denied,by,server,configuration:,C:/xampp/webalizer/home.cgi,,,,,,,,,,,,,,,,,,,,,,,,,,
[Tue,Mar,14,01:57.7,2023],[authz_core:error],[pid,4060:tid,1888],[client,45.79.168.172:49432],AH01630:,client,denied,by,server,configuration:,C:/xampp/webalizer/home.asp,,,,,,,,,,,,,,,,,,,,,,,,,,
[Tue,Mar,14,01:57.7,2023],[authz_core:error],[pid,4060:tid,1888],[client,45.79.168.172:49432],AH01630:,client,denied,by,server,configuration:,C:/xampp/webalizer/home.shtml,,,,,,,,,,,,,,,,,,,,,,,,,,
[Tue,Mar,14,01:57.7,2023],[authz_core:error],[pid,4060:tid,1888],[client,45.79.168.172:49432],AH01630:,client,denied,by,server,configuration:,C:/xampp/webalizer/home.html,,,,,,,,,,,,,,,,,,,,,,,,,,
[Tue,Mar,14,01:57.7,2023],[authz_core:error],[pid,4060:tid,1888],[client,45.79.168.172:49432],AH01630:,client,denied,by,server,configuration:,C:/xampp/webalizer/home.htm,,,,,,,,,,,,,,,,,,,,,,,,,,
[Tue,Mar,14,24:26.7,2023],[authz_core:error],[pid,4060:tid,1888],[client,172.105.128.11:8472],AH01630:,client,denied,by,server,configuration:,C:/xampp/webalizer/index.php,,,,,,,,,,,,,,,,,,,,,,,,,,
[Tue,Mar,14,24:26.7,2023],[authz_core:error],[pid,4060:tid,1888],[client,172.105.128.11:8472],AH01630:,client,denied,by,server,configuration:,C:/xampp/webalizer/index.pl,,,,,,,,,,,,,,,,,,,,,,,,,,
[Tue,Mar,14,24:26.7,2023],[authz_core:error],[pid,4060:tid,1888],[client,172.105.128.11:8472],AH01630:,client,denied,by,server,configuration:,C:/xampp/webalizer/index.cgi,,,,,,,,,,,,,,,,,,,,,,,,,,
[Tue,Mar,14,24:26.7,2023],[authz_core:error],[pid,4060:tid,1888],[client,172.105.128.11:8472],AH01630:,client,denied,by,server,configuration:,C:/xampp/webalizer/index.asp,,,,,,,,,,,,,,,,,,,,,,,,,,
[Tue,Mar,14,24:26.7,2023],[authz_core:error],[pid,4060:tid,1888],[client,172.105.128.11:8472],AH01630:,client,denied,by,server,configuration:,C:/xampp/webalizer/index.shtml,,,,,,,,,,,,,,,,,,,,,,,,,,
[Tue,Mar,14,24:26.7,2023],[authz_core:error],[pid,4060:tid,1888],[client,172.105.128.11:8472],AH01630:,client,denied,by,server,configuration:,C:/xampp/webalizer/index.html,,,,,,,,,,,,,,,,,,,,,,,,,,
[Tue,Mar,14,24:26.7,2023],[authz_core:error],[pid,4060:tid,1888],[client,172.105.128.11:8472],AH01630:,client,denied,by,server,configuration:,C:/xampp/webalizer/index.htm,,,,,,,,,,,,,,,,,,,,,,,,,,
[Tue,Mar,14,24:26.7,2023],[authz_core:error],[pid,4060:tid,1888],[client,172.105.128.11:8472],AH01630:,client,denied,by,server,configuration:,C:/xampp/webalizer/default.php,,,,,,,,,,,,,,,,,,,,,,,,,,
[Tue,Mar,14,24:26.8,2023],[authz_core:error],[pid,4060:tid,1888],[client,172.105.128.11:8472],AH01630:,client,denied,by,server,configuration:,C:/xampp/webalizer/default.pl,,,,,,,,,,,,,,,,,,,,,,,,,,
[Tue,Mar,14,24:26.8,2023],[authz_core:error],[pid,4060:tid,1888],[client,172.105.128.11:8472],AH01630:,client,denied,by,server,configuration:,C:/xampp/webalizer/default.cgi,,,,,,,,,,,,,,,,,,,,,,,,,,
[Tue,Mar,14,24:26.8,2023],[authz_core:error],[pid,4060:tid,1888],[client,172.105.128.11:8472],AH01630:,client,denied,by,server,configuration:,C:/xampp/webalizer/default.asp,,,,,,,,,,,,,,,,,,,,,,,,,,
[Tue,Mar,14,24:26.8,2023],[authz_core:error],[pid,4060:tid,1888],[client,172.105.128.11:8472],AH01630:,client,denied,by,server,configuration:,C:/xampp/webalizer/default.shtml,,,,,,,,,,,,,,,,,,,,,,,,,,
[Tue,Mar,14,24:26.8,2023],[authz_core:error],[pid,4060:tid,1888],[client,172.105.128.11:8472],AH01630:,client,denied,by,server,configuration:,C:/xampp/webalizer/default.html,,,,,,,,,,,,,,,,,,,,,,,,,,
[Tue,Mar,14,24:26.8,2023],[authz_core:error],[pid,4060:tid,1888],[client,172.105.128.11:8472],AH01630:,client,denied,by,server,configuration:,C:/xampp/webalizer/default.htm,,,,,,,,,,,,,,,,,,,,,,,,,,
[Tue,Mar,14,24:26.8,2023],[authz_core:error],[pid,4060:tid,1888],[client,172.105.128.11:8472],AH01630:,client,denied,by,server,configuration:,C:/xampp/webalizer/home.php,,,,,,,,,,,,,,,,,,,,,,,,,,
[Tue,Mar,14,24:26.8,2023],[authz_core:error],[pid,4060:tid,1888],[client,172.105.128.11:8472],AH01630:,client,denied,by,server,configuration:,C:/xampp/webalizer/home.pl,,,,,,,,,,,,,,,,,,,,,,,,,,
[Tue,Mar,14,24:26.8,2023],[authz_core:error],[pid,4060:tid,1888],[client,172.105.128.11:8472],AH01630:,client,denied,by,server,configuration:,C:/xampp/webalizer/home.cgi,,,,,,,,,,,,,,,,,,,,,,,,,,
[Tue,Mar,14,24:26.8,2023],[authz_core:error],[pid,4060:tid,1888],[client,172.105.128.11:8472],AH01630:,client,denied,by,server,configuration:,C:/xampp/webalizer/home.asp,,,,,,,,,,,,,,,,,,,,,,,,,,
[Tue,Mar,14,24:26.8,2023],[authz_core:error],[pid,4060:tid,1888],[client,172.105.128.11:8472],AH01630:,client,denied,by,server,configuration:,C:/xampp/webalizer/home.shtml,,,,,,,,,,,,,,,,,,,,,,,,,,
[Tue,Mar,14,24:26.8,2023],[authz_core:error],[pid,4060:tid,1888],[client,172.105.128.11:8472],AH01630:,client,denied,by,server,configuration:,C:/xampp/webalizer/home.html,,,,,,,,,,,,,,,,,,,,,,,,,,
[Tue,Mar,14,24:26.8,2023],[authz_core:error],[pid,4060:tid,1888],[client,172.105.128.11:8472],AH01630:,client,denied,by,server,configuration:,C:/xampp/webalizer/home.htm,,,,,,,,,,,,,,,,,,,,,,,,,,
[Tue,Mar,14,25:08.0,2023],[authz_core:error],[pid,4060:tid,1892],[client,193.118.53.194:57124],AH01630:,client,denied,by,server,configuration:,C:/xampp/webalizer/index.php,,,,,,,,,,,,,,,,,,,,,,,,,,
[Tue,Mar,14,25:08.0,2023],[authz_core:error],[pid,4060:tid,1892],[client,193.118.53.194:57124],AH01630:,client,denied,by,server,configuration:,C:/xampp/webalizer/index.pl,,,,,,,,,,,,,,,,,,,,,,,,,,
[Tue,Mar,14,25:08.0,2023],[authz_core:error],[pid,4060:tid,1892],[client,193.118.53.194:57124],AH01630:,client,denied,by,server,configuration:,C:/xampp/webalizer/index.cgi,,,,,,,,,,,,,,,,,,,,,,,,,,
[Tue,Mar,14,25:08.0,2023],[authz_core:error],[pid,4060:tid,1892],[client,193.118.53.194:57124],AH01630:,client,denied,by,server,configuration:,C:/xampp/webalizer/index.asp,,,,,,,,,,,,,,,,,,,,,,,,,,
[Tue,Mar,14,25:08.0,2023],[authz_core:error],[pid,4060:tid,1892],[client,193.118.53.194:57124],AH01630:,client,denied,by,server,configuration:,C:/xampp/webalizer/index.shtml,,,,,,,,,,,,,,,,,,,,,,,,,,
[Tue,Mar,14,25:08.0,2023],[authz_core:error],[pid,4060:tid,1892],[client,193.118.53.194:57124],AH01630:,client,denied,by,server,configuration:,C:/xampp/webalizer/index.html,,,,,,,,,,,,,,,,,,,,,,,,,,
[Tue,Mar,14,25:08.0,2023],[authz_core:error],[pid,4060:tid,1892],[client,193.118.53.194:57124],AH01630:,client,denied,by,server,configuration:,C:/xampp/webalizer/index.htm,,,,,,,,,,,,,,,,,,,,,,,,,,
[Tue,Mar,14,25:08.0,2023],[authz_core:error],[pid,4060:tid,1892],[client,193.118.53.194:57124],AH01630:,client,denied,by,server,configuration:,C:/xampp/webalizer/default.php,,,,,,,,,,,,,,,,,,,,,,,,,,
[Tue,Mar,14,25:08.0,2023],[authz_core:error],[pid,4060:tid,1892],[client,193.118.53.194:57124],AH01630:,client,denied,by,server,configuration:,C:/xampp/webalizer/default.pl,,,,,,,,,,,,,,,,,,,,,,,,,,
[Tue,Mar,14,25:08.0,2023],[authz_core:error],[pid,4060:tid,1892],[client,193.118.53.194:57124],AH01630:,client,denied,by,server,configuration:,C:/xampp/webalizer/default.cgi,,,,,,,,,,,,,,,,,,,,,,,,,,
[Tue,Mar,14,25:08.0,2023],[authz_core:error],[pid,4060:tid,1892],[client,193.118.53.194:57124],AH01630:,client,denied,by,server,configuration:,C:/xampp/webalizer/default.asp,,,,,,,,,,,,,,,,,,,,,,,,,,
[Tue,Mar,14,25:08.0,2023],[authz_core:error],[pid,4060:tid,1892],[client,193.118.53.194:57124],AH01630:,client,denied,by,server,configuration:,C:/xampp/webalizer/default.shtml,,,,,,,,,,,,,,,,,,,,,,,,,,
[Tue,Mar,14,25:08.0,2023],[authz_core:error],[pid,4060:tid,1892],[client,193.118.53.194:57124],AH01630:,client,denied,by,server,configuration:,C:/xampp/webalizer/default.html,,,,,,,,,,,,,,,,,,,,,,,,,,
[Tue,Mar,14,25:08.0,2023],[authz_core:error],[pid,4060:tid,1892],[client,193.118.53.194:57124],AH01630:,client,denied,by,server,configuration:,C:/xampp/webalizer/default.htm,,,,,,,,,,,,,,,,,,,,,,,,,,
[Tue,Mar,14,25:08.0,2023],[authz_core:error],[pid,4060:tid,1892],[client,193.118.53.194:57124],AH01630:,client,denied,by,server,configuration:,C:/xampp/webalizer/home.php,,,,,,,,,,,,,,,,,,,,,,,,,,
[Tue,Mar,14,25:08.0,2023],[authz_core:error],[pid,4060:tid,1892],[client,193.118.53.194:57124],AH01630:,client,denied,by,server,configuration:,C:/xampp/webalizer/home.pl,,,,,,,,,,,,,,,,,,,,,,,,,,
[Tue,Mar,14,25:08.0,2023],[authz_core:error],[pid,4060:tid,1892],[client,193.118.53.194:57124],AH01630:,client,denied,by,server,configuration:,C:/xampp/webalizer/home.cgi,,,,,,,,,,,,,,,,,,,,,,,,,,
[Tue,Mar,14,25:08.0,2023],[authz_core:error],[pid,4060:tid,1892],[client,193.118.53.194:57124],AH01630:,client,denied,by,server,configuration:,C:/xampp/webalizer/home.asp,,,,,,,,,,,,,,,,,,,,,,,,,,
[Tue,Mar,14,25:08.0,2023],[authz_core:error],[pid,4060:tid,1892],[client,193.118.53.194:57124],AH01630:,client,denied,by,server,configuration:,C:/xampp/webalizer/home.shtml,,,,,,,,,,,,,,,,,,,,,,,,,,
[Tue,Mar,14,25:08.0,2023],[authz_core:error],[pid,4060:tid,1892],[client,193.118.53.194:57124],AH01630:,client,denied,by,server,configuration:,C:/xampp/webalizer/home.html,,,,,,,,,,,,,,,,,,,,,,,,,,
[Tue,Mar,14,25:08.0,2023],[authz_core:error],[pid,4060:tid,1892],[client,193.118.53.194:57124],AH01630:,client,denied,by,server,configuration:,C:/xampp/webalizer/home.htm,,,,,,,,,,,,,,,,,,,,,,,,,,
[Tue,Mar,14,43:14.6,2023],[php:warn],[pid,4060:tid,1876],[client,::1:49951],PHP,Warning:,Undefined,array,key,item,in,C:\\xampp\\htdocs\\PHP-ecommerce\\includes\\nav.php,on,line,19,,,,,,,,,,,,,,,,,,,,,,
[Tue,Mar,14,44:13.3,2023],[php:warn],[pid,4060:tid,1884],[client,::1:49961],PHP,Warning:,Undefined,array,key,item,in,C:\\xampp\\htdocs\\includes\\nav.php,on,line,19,,,,,,,,,,,,,,,,,,,,,,
[Tue,Mar,14,44:42.4,2023],[php:warn],[pid,4060:tid,1876],[client,117.99.58.158:3704],PHP,Warning:,Undefined,array,key,item,in,C:\\xampp\\htdocs\\includes\\nav.php,on,line,19,,,,,,,,,,,,,,,,,,,,,,
[Tue,Mar,14,46:11.7,2023],[php:warn],[pid,4060:tid,1876],[client,::1:49972],PHP,Warning:,Undefined,array,key,item,in,C:\\xampp\\htdocs\\cart.php,on,line,"4,",referer:,http://localhost/,,,,,,,,,,,,,,,,,,,,
[Tue,Mar,14,46:11.7,2023],[php:warn],[pid,4060:tid,1876],[client,::1:49972],PHP,Warning:,Undefined,variable,$nav,in,C:\\xampp\\htdocs\\cart.php,on,line,"16,",referer:,http://localhost/,,,,,,,,,,,,,,,,,,,,,
[Tue,Mar,14,46:11.7,2023],[php:error],[pid,4060:tid,1876],[client,::1:49972],PHP,Fatal,error:,Uncaught,ValueError:,Path,cannot,be,empty,in,C:\\xampp\\htdocs\\cart.php:16\nStack,trace:\n#0,{main}\n,thrown,in,C:\\xampp\\htdocs\\cart.php,on,line,"16,",referer:,http://localhost/,,,,,,,,,,,,
[Tue,Mar,14,46:17.7,2023],[php:warn],[pid,4060:tid,1876],[client,::1:49975],PHP,Warning:,Undefined,array,key,item,in,C:\\xampp\\htdocs\\includes\\nav.php,on,line,"19,",referer:,http://localhost/sign.php,,,,,,,,,,,,,,,,,,,,
[Tue,Mar,14,50:27.5,2023],[php:warn],[pid,4060:tid,1884],[client,::1:50027],PHP,Warning:,Undefined,array,key,item,in,C:\\xampp\\htdocs\\includes\\navconnected.php,on,line,"23,",referer:,http://localhost/sign.php,,,,,,,,,,,,,,,,,,,,
[Tue,Mar,14,54:37.7,2023],[php:warn],[pid,4060:tid,1896],[client,::1:50032],PHP,Warning:,Undefined,array,key,item,in,C:\\xampp\\htdocs\\includes\\nav.php,on,line,"19,",referer:,http://localhost/index.php,,,,,,,,,,,,,,,,,,,,
[Tue,Mar,14,56:25.8,2023],[php:warn],[pid,4060:tid,1896],[client,::1:50035],PHP,Warning:,Undefined,array,key,item,in,C:\\xampp\\htdocs\\includes\\nav.php,on,line,"19,",referer:,http://localhost/index.php,,,,,,,,,,,,,,,,,,,,
[Tue,Mar,14,56:36.3,2023],[php:warn],[pid,4060:tid,1896],[client,::1:50038],PHP,Warning:,Undefined,array,key,item,in,C:\\xampp\\htdocs\\includes\\nav.php,on,line,"19,",referer:,http://localhost/category.php?id=6,,,,,,,,,,,,,,,,,,,,
[Tue,Mar,14,58:10.8,2023],[php:warn],[pid,4060:tid,1896],[client,::1:50045],PHP,Warning:,Undefined,array,key,item,in,C:\\xampp\\htdocs\\includes\\nav.php,on,line,"19,",referer:,http://localhost/index.php,,,,,,,,,,,,,,,,,,,,
[Tue,Mar,14,58:24.1,2023],[php:warn],[pid,4060:tid,1896],[client,::1:50048],PHP,Warning:,Undefined,array,key,item,in,C:\\xampp\\htdocs\\includes\\nav.php,on,line,"19,",referer:,http://localhost/category.php?id=5,,,,,,,,,,,,,,,,,,,,
[Tue,Mar,14,58:43.3,2023],[php:warn],[pid,4060:tid,1892],[client,::1:50054],PHP,Warning:,Undefined,array,key,item,in,C:\\xampp\\htdocs\\includes\\nav.php,on,line,"19,",referer:,http://localhost/product.php?id=13,,,,,,,,,,,,,,,,,,,,
[Tue,Mar,14,59:04.8,2023],[php:warn],[pid,4060:tid,1888],[client,::1:50059],PHP,Warning:,Undefined,array,key,item,in,C:\\xampp\\htdocs\\includes\\navconnected.php,on,line,"23,",referer:,http://localhost/sign.php,,,,,,,,,,,,,,,,,,,,
[Tue,Mar,14,59:14.3,2023],[php:warn],[pid,4060:tid,1888],[client,::1:50065],PHP,Warning:,Undefined,array,key,item,in,C:\\xampp\\htdocs\\includes\\navconnected.php,on,line,"23,",referer:,http://localhost/index.php,,,,,,,,,,,,,,,,,,,,
[Tue,Mar,14,59:26.7,2023],[php:warn],[pid,4060:tid,1888],[client,::1:50068],PHP,Warning:,Undefined,array,key,item,in,C:\\xampp\\htdocs\\includes\\navconnected.php,on,line,"23,",referer:,http://localhost/orders.php,,,,,,,,,,,,,,,,,,,,
[Tue,Mar,14,59:54.9,2023],[php:warn],[pid,4060:tid,1888],[client,::1:50071],PHP,Warning:,Undefined,array,key,item,in,C:\\xampp\\htdocs\\includes\\navconnected.php,on,line,"23,",referer:,http://localhost/index.php,,,,,,,,,,,,,,,,,,,,
[Tue,Mar,14,00:07.6,2023],[php:warn],[pid,4060:tid,1892],[client,::1:50077],PHP,Warning:,Undefined,array,key,item,in,C:\\xampp\\htdocs\\includes\\navconnected.php,on,line,"23,",referer:,http://localhost/product.php?id=11,,,,,,,,,,,,,,,,,,,,
[Tue,Mar,14,00:07.6,2023],[php:warn],[pid,4060:tid,1892],[client,::1:50077],PHP,Warning:,Undefined,array,key,item,in,C:\\xampp\\htdocs\\product.php,on,line,"114,",referer:,http://localhost/product.php?id=11,,,,,,,,,,,,,,,,,,,,
[Tue,Mar,14,00:28.6,2023],[php:warn],[pid,4060:tid,1892],[client,::1:50087],PHP,Warning:,Undefined,array,key,country,in,C:\\xampp\\htdocs\\final.php,on,line,"36,",referer:,http://localhost/checkout.php,,,,,,,,,,,,,,,,,,,,
[Tue,Mar,14,00:28.6,2023],[php:warn],[pid,4060:tid,1892],[client,::1:50087],PHP,Warning:,Undefined,array,key,item,in,C:\\xampp\\htdocs\\includes\\navconnected.php,on,line,"23,",referer:,http://localhost/checkout.php,,,,,,,,,,,,,,,,,,,,
[Tue,Mar,14,00:38.1,2023],[php:warn],[pid,4060:tid,1884],[client,::1:50094],PHP,Warning:,Undefined,array,key,item,in,C:\\xampp\\htdocs\\includes\\navconnected.php,on,line,"23,",referer:,http://localhost/details.php,,,,,,,,,,,,,,,,,,,,
[Tue,Mar,14,00:43.0,2023],[php:warn],[pid,4060:tid,1884],[client,::1:50100],PHP,Warning:,Undefined,array,key,item,in,C:\\xampp\\htdocs\\includes\\navconnected.php,on,line,"23,",referer:,http://localhost/index.php,,,,,,,,,,,,,,,,,,,,
[Tue,Mar,14,00:48.5,2023],[php:warn],[pid,4060:tid,1884],[client,::1:50102],PHP,Warning:,Undefined,array,key,item,in,C:\\xampp\\htdocs\\includes\\navconnected.php,on,line,"23,",referer:,http://localhost/editprofile.php,,,,,,,,,,,,,,,,,,,,
[Tue,Mar,14,00:52.3,2023],[php:warn],[pid,4060:tid,1884],[client,::1:50105],PHP,Warning:,mysqli_connect():,(HY000/1045):,Access,denied,for,user,'root'@'localhost',(using,password:,YES),in,C:\\xampp\\htdocs\\downloadorder.php,on,line,"21,",referer:,http://localhost/orders.php,,,,,,,,,,,,,,
[Tue,Mar,14,00:52.3,2023],[php:error],[pid,4060:tid,1884],[client,::1:50105],PHP,Fatal,error:,Uncaught,Error:,Call,to,undefined,function,get_magic_quotes_runtime(),in,C:\\xampp\\htdocs\\includes\\fpdf\\fpdf.php:1043\nStack,trace:\n#0,C:\\xampp\\htdocs\\includes\\fpdf\\fpdf.php(77):,FPDF->_dochecks()\n#1,C:\\xampp\\htdocs\\downloadorder.php(25):,FPDF->__construct()\n#2,{main}\n,thrown,in,C:\\xampp\\htdocs\\includes\\fpdf\\fpdf.php,on,line,"1043,",referer:,http://localhost/orders.php,,,,,,,
[Tue,Mar,14,00:55.5,2023],[php:warn],[pid,4060:tid,1884],[client,::1:50105],PHP,Warning:,Undefined,array,key,item,in,C:\\xampp\\htdocs\\includes\\navconnected.php,on,line,"23,",referer:,http://localhost/editprofile.php,,,,,,,,,,,,,,,,,,,,
[Tue,Mar,14,11:54.6,2023],[php:warn],[pid,4060:tid,1884],[client,128.14.133.58:44122],PHP,Warning:,Undefined,array,key,item,in,C:\\xampp\\htdocs\\includes\\nav.php,on,line,19,,,,,,,,,,,,,,,,,,,,,,
[Tue,Mar,14,19:21.6,2023],[php:warn],[pid,4060:tid,1884],[client,184.105.247.254:32824],PHP,Warning:,Undefined,array,key,item,in,C:\\xampp\\htdocs\\includes\\nav.php,on,line,19,,,,,,,,,,,,,,,,,,,,,,
[Tue,Mar,14,21:42.5,2023],[php:warn],[pid,4060:tid,1884],[client,185.254.196.173:34866],PHP,Warning:,Undefined,array,key,item,in,C:\\xampp\\htdocs\\includes\\nav.php,on,line,19,,,,,,,,,,,,,,,,,,,,,,
[Tue,Mar,14,25:46.7,2023],[php:warn],[pid,4060:tid,1884],[client,45.64.215.2:61004],PHP,Warning:,Undefined,array,key,item,in,C:\\xampp\\htdocs\\includes\\nav.php,on,line,19,,,,,,,,,,,,,,,,,,,,,,
[Tue,Mar,14,26:25.6,2023],[php:warn],[pid,4060:tid,1892],[client,45.64.215.2:61013],PHP,Warning:,Undefined,array,key,item,in,C:\\xampp\\htdocs\\cart.php,on,line,"4,",referer:,http://3.218.70.121/,,,,,,,,,,,,,,,,,,,,
[Tue,Mar,14,26:25.6,2023],[php:warn],[pid,4060:tid,1892],[client,45.64.215.2:61013],PHP,Warning:,Undefined,variable,$nav,in,C:\\xampp\\htdocs\\cart.php,on,line,"16,",referer:,http://3.218.70.121/,,,,,,,,,,,,,,,,,,,,,
[Tue,Mar,14,26:25.6,2023],[php:error],[pid,4060:tid,1892],[client,45.64.215.2:61013],PHP,Fatal,error:,Uncaught,ValueError:,Path,cannot,be,empty,in,C:\\xampp\\htdocs\\cart.php:16\nStack,trace:\n#0,{main}\n,thrown,in,C:\\xampp\\htdocs\\cart.php,on,line,"16,",referer:,http://3.218.70.121/,,,,,,,,,,,,
[Wed,Mar,15,59:08.2,2023],[ssl:warn],[pid,4424:tid,332],AH01909:,www.example.com:443:0,server,certificate,does,NOT,include,an,ID,which,matches,the,server,name,,,,,,,,,,,,,,,,,,,,,
[Wed,Mar,15,59:08.3,2023],[core:warn],[pid,4424:tid,332],AH00098:,pid,file,C:/xampp/apache/logs/httpd.pid,overwritten,--,Unclean,shutdown,of,previous,Apache,run?,,,,,,,,,,,,,,,,,,,,,,,
[Wed,Mar,15,59:08.3,2023],[ssl:warn],[pid,4424:tid,332],AH01909:,www.example.com:443:0,server,certificate,does,NOT,include,an,ID,which,matches,the,server,name,,,,,,,,,,,,,,,,,,,,,
[Wed,Mar,15,59:09.2,2023],[mpm_winnt:notice],[pid,4424:tid,332],AH00455:,Apache/2.4.54,(Win64),OpenSSL/1.1.1p,PHP/8.0.25,configured,--,resuming,normal,operations,,,,,,,,,,,,,,,,,,,,,,,,,
[Wed,Mar,15,59:09.2,2023],[mpm_winnt:notice],[pid,4424:tid,332],AH00456:,Apache,Lounge,VS16,Server,built:,Jun,22,2022,9:58:15,,,,,,,,,,,,,,,,,,,,,,,,,
[Wed,Mar,15,59:09.2,2023],[core:notice],[pid,4424:tid,332],AH00094:,Command,line:,'c:\\xampp\\apache\\bin\\httpd.exe,#NAME?,C:/xampp/apache',,,,,,,,,,,,,,,,,,,,,,,,,,,,,
[Wed,Mar,15,59:09.3,2023],[mpm_winnt:notice],[pid,4424:tid,332],AH00418:,Parent:,Created,child,process,3244,,,,,,,,,,,,,,,,,,,,,,,,,,,,,
[Wed,Mar,15,59:09.9,2023],[ssl:warn],[pid,3244:tid,336],AH01909:,www.example.com:443:0,server,certificate,does,NOT,include,an,ID,which,matches,the,server,name,,,,,,,,,,,,,,,,,,,,,
[Wed,Mar,15,59:09.9,2023],[ssl:warn],[pid,3244:tid,336],AH01909:,www.example.com:443:0,server,certificate,does,NOT,include,an,ID,which,matches,the,server,name,,,,,,,,,,,,,,,,,,,,,
[Wed,Mar,15,59:10.0,2023],[mpm_winnt:notice],[pid,3244:tid,336],AH00354:,Child:,Starting,150,worker,threads.,,,,,,,,,,,,,,,,,,,,,,,,,,,,,
[Wed,Mar,15,59:31.8,2023],[php:warn],[pid,3244:tid,1896],[client,::1:49733],PHP,Warning:,Undefined,array,key,item,in,C:\\xampp\\htdocs\\includes\\navconnected.php,on,line,"23,",referer:,http://localhost/editprofile.php,,,,,,,,,,,,,,,,,,,,
[Wed,Mar,15,00:16.0,2023],[php:warn],[pid,3244:tid,1892],[client,::1:49743],PHP,Warning:,Undefined,array,key,item,in,C:\\xampp\\htdocs\\includes\\navconnected.php,on,line,"23,",referer:,http://localhost/orders.php,,,,,,,,,,,,,,,,,,,,
[Wed,Mar,15,00:27.2,2023],[php:warn],[pid,3244:tid,1888],[client,122.169.100.26:8451],PHP,Warning:,Undefined,array,key,item,in,C:\\xampp\\htdocs\\includes\\nav.php,on,line,19,,,,,,,,,,,,,,,,,,,,,,
[Wed,Mar,15,00:27.2,2023],[php:warn],[pid,3244:tid,1884],[client,122.169.100.26:55336],PHP,Warning:,Undefined,array,key,item,in,C:\\xampp\\htdocs\\includes\\nav.php,on,line,19,,,,,,,,,,,,,,,,,,,,,,
[Wed,Mar,15,00:27.8,2023],[php:warn],[pid,3244:tid,1880],[client,122.169.100.26:1244],PHP,Warning:,Undefined,array,key,item,in,C:\\xampp\\htdocs\\includes\\nav.php,on,line,19,,,,,,,,,,,,,,,,,,,,,,
[Wed,Mar,15,00:42.0,2023],[php:warn],[pid,3244:tid,1884],[client,122.169.100.26:57874],PHP,Warning:,Undefined,array,key,item,in,C:\\xampp\\htdocs\\cart.php,on,line,"4,",referer:,https://3.218.70.121/,,,,,,,,,,,,,,,,,,,,
[Wed,Mar,15,00:42.0,2023],[php:warn],[pid,3244:tid,1884],[client,122.169.100.26:57874],PHP,Warning:,Undefined,variable,$nav,in,C:\\xampp\\htdocs\\cart.php,on,line,"16,",referer:,https://3.218.70.121/,,,,,,,,,,,,,,,,,,,,,
[Wed,Mar,15,00:42.0,2023],[php:error],[pid,3244:tid,1884],[client,122.169.100.26:57874],PHP,Fatal,error:,Uncaught,ValueError:,Path,cannot,be,empty,in,C:\\xampp\\htdocs\\cart.php:16\nStack,trace:\n#0,{main}\n,thrown,in,C:\\xampp\\htdocs\\cart.php,on,line,"16,",referer:,https://3.218.70.121/,,,,,,,,,,,,
[Wed,Mar,15,01:32.4,2023],[php:warn],[pid,3244:tid,1876],[client,122.169.100.26:40856],PHP,Warning:,Undefined,array,key,item,in,C:\\xampp\\htdocs\\includes\\navconnected.php,on,line,"23,",referer:,https://3.218.70.121/sign.php,,,,,,,,,,,,,,,,,,,,
[Wed,Mar,15,01:49.6,2023],[php:warn],[pid,3244:tid,1876],[client,122.169.100.26:11471],PHP,Warning:,Undefined,array,key,item,in,C:\\xampp\\htdocs\\includes\\navconnected.php,on,line,"23,",referer:,https://3.218.70.121/index.php,,,,,,,,,,,,,,,,,,,,
[Wed,Mar,15,01:57.2,2023],[php:warn],[pid,3244:tid,1896],[client,122.169.100.26:9360],PHP,Warning:,Undefined,array,key,item,in,C:\\xampp\\htdocs\\includes\\navconnected.php,on,line,"23,",referer:,https://3.218.70.121/index.php,,,,,,,,,,,,,,,,,,,,
[Wed,Mar,15,02:05.8,2023],[php:warn],[pid,3244:tid,1896],[client,122.169.100.26:9360],PHP,Warning:,Undefined,array,key,item,in,C:\\xampp\\htdocs\\includes\\navconnected.php,on,line,"23,",referer:,https://3.218.70.121/product.php?id=13,,,,,,,,,,,,,,,,,,,,
[Wed,Mar,15,02:05.8,2023],[php:warn],[pid,3244:tid,1896],[client,122.169.100.26:9360],PHP,Warning:,Undefined,array,key,item,in,C:\\xampp\\htdocs\\product.php,on,line,"114,",referer:,https://3.218.70.121/product.php?id=13,,,,,,,,,,,,,,,,,,,,
[Wed,Mar,15,02:15.9,2023],[php:warn],[pid,3244:tid,1876],[client,122.169.100.26:62370],PHP,Warning:,Undefined,array,key,country,in,C:\\xampp\\htdocs\\final.php,on,line,"36,",referer:,https://3.218.70.121/checkout.php,,,,,,,,,,,,,,,,,,,,
[Wed,Mar,15,02:16.0,2023],[php:warn],[pid,3244:tid,1876],[client,122.169.100.26:62370],PHP,Warning:,Undefined,array,key,item,in,C:\\xampp\\htdocs\\includes\\navconnected.php,on,line,"23,",referer:,https://3.218.70.121/checkout.php,,,,,,,,,,,,,,,,,,,,
[Wed,Mar,15,02:24.6,2023],[php:warn],[pid,3244:tid,1876],[client,122.169.100.26:62370],PHP,Warning:,Undefined,array,key,item,in,C:\\xampp\\htdocs\\checkout.php,on,line,"8,",referer:,https://3.218.70.121/cart.php,,,,,,,,,,,,,,,,,,,,
[Wed,Mar,15,02:24.6,2023],[php:warn],[pid,3244:tid,1876],[client,122.169.100.26:62370],PHP,Warning:,Undefined,variable,$nav,in,C:\\xampp\\htdocs\\checkout.php,on,line,"24,",referer:,https://3.218.70.121/cart.php,,,,,,,,,,,,,,,,,,,,,
[Wed,Mar,15,02:24.6,2023],[php:error],[pid,3244:tid,1876],[client,122.169.100.26:62370],PHP,Fatal,error:,Uncaught,ValueError:,Path,cannot,be,empty,in,C:\\xampp\\htdocs\\checkout.php:24\nStack,trace:\n#0,{main}\n,thrown,in,C:\\xampp\\htdocs\\checkout.php,on,line,"24,",referer:,https://3.218.70.121/cart.php,,,,,,,,,,,,
[Wed,Mar,15,02:25.1,2023],[php:warn],[pid,3244:tid,1876],[client,122.169.100.26:62370],PHP,Warning:,Undefined,array,key,item,in,C:\\xampp\\htdocs\\includes\\navconnected.php,on,line,"23,",referer:,https://3.218.70.121/cart.php,,,,,,,,,,,,,,,,,,,,
[Wed,Mar,15,03:09.5,2023],[php:warn],[pid,3244:tid,1872],[client,122.169.100.26:43353],PHP,Warning:,Undefined,array,key,item,in,C:\\xampp\\htdocs\\includes\\navconnected.php,on,line,23,,,,,,,,,,,,,,,,,,,,,,
[Wed,Mar,15,06:56.4,2023],[php:warn],[pid,3244:tid,1888],[client,122.169.100.26:4270],PHP,Warning:,Undefined,array,key,item,in,C:\\xampp\\htdocs\\includes\\navconnected.php,on,line,23,,,,,,,,,,,,,,,,,,,,,,
[Fri,Mar,17,51:32.9,2023],[ssl:warn],[pid,1012:tid,332],AH01909:,www.example.com:443:0,server,certificate,does,NOT,include,an,ID,which,matches,the,server,name,,,,,,,,,,,,,,,,,,,,,
[Fri,Mar,17,51:33.0,2023],[core:warn],[pid,1012:tid,332],AH00098:,pid,file,C:/xampp/apache/logs/httpd.pid,overwritten,--,Unclean,shutdown,of,previous,Apache,run?,,,,,,,,,,,,,,,,,,,,,,,
[Fri,Mar,17,51:33.0,2023],[ssl:warn],[pid,1012:tid,332],AH01909:,www.example.com:443:0,server,certificate,does,NOT,include,an,ID,which,matches,the,server,name,,,,,,,,,,,,,,,,,,,,,
[Fri,Mar,17,51:33.7,2023],[mpm_winnt:notice],[pid,1012:tid,332],AH00455:,Apache/2.4.54,(Win64),OpenSSL/1.1.1p,PHP/8.0.25,configured,--,resuming,normal,operations,,,,,,,,,,,,,,,,,,,,,,,,,
[Fri,Mar,17,51:33.7,2023],[mpm_winnt:notice],[pid,1012:tid,332],AH00456:,Apache,Lounge,VS16,Server,built:,Jun,22,2022,9:58:15,,,,,,,,,,,,,,,,,,,,,,,,,
[Fri,Mar,17,51:33.7,2023],[core:notice],[pid,1012:tid,332],AH00094:,Command,line:,'c:\\xampp\\apache\\bin\\httpd.exe,#NAME?,C:/xampp/apache',,,,,,,,,,,,,,,,,,,,,,,,,,,,,
[Fri,Mar,17,51:33.8,2023],[mpm_winnt:notice],[pid,1012:tid,332],AH00418:,Parent:,Created,child,process,5220,,,,,,,,,,,,,,,,,,,,,,,,,,,,,
[Fri,Mar,17,51:34.4,2023],[ssl:warn],[pid,5220:tid,336],AH01909:,www.example.com:443:0,server,certificate,does,NOT,include,an,ID,which,matches,the,server,name,,,,,,,,,,,,,,,,,,,,,
[Fri,Mar,17,51:34.4,2023],[ssl:warn],[pid,5220:tid,336],AH01909:,www.example.com:443:0,server,certificate,does,NOT,include,an,ID,which,matches,the,server,name,,,,,,,,,,,,,,,,,,,,,
[Fri,Mar,17,51:34.5,2023],[mpm_winnt:notice],[pid,5220:tid,336],AH00354:,Child:,Starting,150,worker,threads.,,,,,,,,,,,,,,,,,,,,,,,,,,,,,
[Fri,Mar,17,54:26.1,2023],[php:warn],[pid,5220:tid,1888],[client,::1:49794],PHP,Warning:,Undefined,array,key,item,in,C:\\xampp\\htdocs\\includes\\navconnected.php,on,line,"23,",referer:,http://localhost/orders.php,,,,,,,,,,,,,,,,,,,,
[Fri,Mar,17,55:23.5,2023],[php:warn],[pid,5220:tid,1884],[client,49.36.71.71:61733],PHP,Warning:,Undefined,array,key,item,in,C:\\xampp\\htdocs\\includes\\nav.php,on,line,19,,,,,,,,,,,,,,,,,,,,,,
[Fri,Mar,17,07:26.2,2023],[php:warn],[pid,5220:tid,1888],[client,49.36.71.71:61815],PHP,Warning:,Undefined,array,key,item,in,C:\\xampp\\htdocs\\includes\\navconnected.php,on,line,"23,",referer:,http://3.218.70.121/sign.php,,,,,,,,,,,,,,,,,,,,
[Fri,Mar,17,07:29.9,2023],[php:warn],[pid,5220:tid,1896],[client,49.36.71.71:61818],PHP,Warning:,Undefined,array,key,item,in,C:\\xampp\\htdocs\\includes\\navconnected.php,on,line,23,,,,,,,,,,,,,,,,,,,,,,
[Fri,Mar,17,07:34.0,2023],[php:warn],[pid,5220:tid,1896],[client,49.36.71.71:61818],PHP,Warning:,Undefined,array,key,item,in,C:\\xampp\\htdocs\\includes\\nav.php,on,line,"19,",referer:,http://3.218.70.121/index.php,,,,,,,,,,,,,,,,,,,,
[Fri,Mar,17,07:46.3,2023],[php:warn],[pid,5220:tid,1896],[client,49.36.71.71:61823],PHP,Warning:,Undefined,array,key,item,in,C:\\xampp\\htdocs\\includes\\navconnected.php,on,line,"23,",referer:,http://3.218.70.121/sign.php,,,,,,,,,,,,,,,,,,,,
[Fri,Mar,17,08:46.1,2023],[php:warn],[pid,5220:tid,1888],[client,49.36.71.71:61824],PHP,Warning:,Undefined,array,key,item,in,C:\\xampp\\htdocs\\includes\\navconnected.php,on,line,"23,",referer:,http://3.218.70.121/index.php,,,,,,,,,,,,,,,,,,,,
[Fri,Mar,17,08:52.9,2023],[php:warn],[pid,5220:tid,1876],[client,49.36.71.71:61848],PHP,Warning:,Undefined,array,key,item,in,C:\\xampp\\htdocs\\includes\\navconnected.php,on,line,"23,",referer:,http://3.218.70.121/product.php?id=13,,,,,,,,,,,,,,,,,,,,
[Fri,Mar,17,08:52.9,2023],[php:warn],[pid,5220:tid,1876],[client,49.36.71.71:61848],PHP,Warning:,Undefined,array,key,item,in,C:\\xampp\\htdocs\\product.php,on,line,"114,",referer:,http://3.218.70.121/product.php?id=13,,,,,,,,,,,,,,,,,,,,
[Fri,Mar,17,09:52.1,2023],[php:warn],[pid,5220:tid,1876],[client,162.221.192.26:59174],PHP,Warning:,Undefined,array,key,item,in,C:\\xampp\\htdocs\\includes\\nav.php,on,line,19,,,,,,,,,,,,,,,,,,,,,,
[Fri,Mar,17,12:23.8,2023],[php:warn],[pid,5220:tid,1880],[client,49.36.71.71:61861],PHP,Warning:,Undefined,array,key,country,in,C:\\xampp\\htdocs\\final.php,on,line,"36,",referer:,http://3.218.70.121/checkout.php,,,,,,,,,,,,,,,,,,,,
[Fri,Mar,17,12:23.9,2023],[php:warn],[pid,5220:tid,1880],[client,49.36.71.71:61861],PHP,Warning:,Undefined,array,key,item,in,C:\\xampp\\htdocs\\includes\\navconnected.php,on,line,"23,",referer:,http://3.218.70.121/checkout.php,,,,,,,,,,,,,,,,,,,,
[Fri,Mar,17,16:42.9,2023],[php:warn],[pid,5220:tid,1880],[client,49.36.71.71:61883],PHP,Warning:,Undefined,array,key,item,in,C:\\xampp\\htdocs\\includes\\navconnected.php,on,line,"23,",referer:,http://3.218.70.121/details.php,,,,,,,,,,,,,,,,,,,,
[Fri,Mar,17,16:47.6,2023],[php:warn],[pid,5220:tid,1880],[client,49.36.71.71:61883],PHP,Warning:,Undefined,array,key,item,in,C:\\xampp\\htdocs\\includes\\navconnected.php,on,line,"23,",referer:,http://3.218.70.121/index.php,,,,,,,,,,,,,,,,,,,,
[Fri,Mar,17,18:15.0,2023],[php:warn],[pid,5220:tid,1884],[client,49.36.71.71:61894],PHP,Warning:,Undefined,array,key,item,in,C:\\xampp\\htdocs\\cart.php,on,line,"4,",referer:,http://3.218.70.121/orders.php,,,,,,,,,,,,,,,,,,,,
[Fri,Mar,17,18:15.0,2023],[php:warn],[pid,5220:tid,1884],[client,49.36.71.71:61894],PHP,Warning:,Undefined,variable,$nav,in,C:\\xampp\\htdocs\\cart.php,on,line,"16,",referer:,http://3.218.70.121/orders.php,,,,,,,,,,,,,,,,,,,,,
[Fri,Mar,17,18:15.0,2023],[php:error],[pid,5220:tid,1884],[client,49.36.71.71:61894],PHP,Fatal,error:,Uncaught,ValueError:,Path,cannot,be,empty,in,C:\\xampp\\htdocs\\cart.php:16\nStack,trace:\n#0,{main}\n,thrown,in,C:\\xampp\\htdocs\\cart.php,on,line,"16,",referer:,http://3.218.70.121/orders.php,,,,,,,,,,,,
[Fri,Mar,17,18:15.5,2023],[php:warn],[pid,5220:tid,1884],[client,49.36.71.71:61894],PHP,Warning:,Undefined,array,key,item,in,C:\\xampp\\htdocs\\includes\\navconnected.php,on,line,"23,",referer:,http://3.218.70.121/orders.php,,,,,,,,,,,,,,,,,,,,
[Fri,Mar,17,19:07.4,2023],[php:warn],[pid,5220:tid,1884],[client,49.36.71.71:61899],PHP,Warning:,Undefined,array,key,item,in,C:\\xampp\\htdocs\\includes\\navconnected.php,on,line,"23,",referer:,http://3.218.70.121/orders.php,,,,,,,,,,,,,,,,,,,,
[Fri,Mar,17,32:43.1,2023],[php:warn],[pid,5220:tid,1884],[client,193.32.162.159:43196],PHP,Warning:,Undefined,array,key,item,in,C:\\xampp\\htdocs\\includes\\nav.php,on,line,19,,,,,,,,,,,,,,,,,,,,,,
[Fri,Mar,17,42:34.3,2023],[php:warn],[pid,5220:tid,1884],[client,94.102.61.10:53576],PHP,Warning:,Undefined,array,key,item,in,C:\\xampp\\htdocs\\includes\\nav.php,on,line,19,,,,,,,,,,,,,,,,,,,,,,
[Fri,Mar,17,45:45.8,2023],[php:warn],[pid,5220:tid,1884],[client,185.254.196.173:53710],PHP,Warning:,Undefined,array,key,item,in,C:\\xampp\\htdocs\\includes\\nav.php,on,line,19,,,,,,,,,,,,,,,,,,,,,,
[Fri,Mar,17,36:41.6,2023],[php:warn],[pid,5220:tid,1884],[client,193.32.162.159:36262],PHP,Warning:,Undefined,array,key,item,in,C:\\xampp\\htdocs\\includes\\nav.php,on,line,19,,,,,,,,,,,,,,,,,,,,,,
[Fri,Mar,17,53:25.3,2023],[php:warn],[pid,5220:tid,1884],[client,159.223.12.224:28968],PHP,Warning:,Undefined,array,key,item,in,C:\\xampp\\htdocs\\includes\\nav.php,on,line,19,,,,,,,,,,,,,,,,,,,,,,
[Sat,Mar,18,18:24.1,2023],[ssl:warn],[pid,4796:tid,332],AH01909:,www.example.com:443:0,server,certificate,does,NOT,include,an,ID,which,matches,the,server,name,,,,,,,,,,,,,,,,,,,,,
[Sat,Mar,18,18:24.3,2023],[core:warn],[pid,4796:tid,332],AH00098:,pid,file,C:/xampp/apache/logs/httpd.pid,overwritten,--,Unclean,shutdown,of,previous,Apache,run?,,,,,,,,,,,,,,,,,,,,,,,
[Sat,Mar,18,18:24.3,2023],[ssl:warn],[pid,4796:tid,332],AH01909:,www.example.com:443:0,server,certificate,does,NOT,include,an,ID,which,matches,the,server,name,,,,,,,,,,,,,,,,,,,,,
[Sat,Mar,18,18:25.1,2023],[mpm_winnt:notice],[pid,4796:tid,332],AH00455:,Apache/2.4.54,(Win64),OpenSSL/1.1.1p,PHP/8.0.25,configured,--,resuming,normal,operations,,,,,,,,,,,,,,,,,,,,,,,,,
[Sat,Mar,18,18:25.1,2023],[mpm_winnt:notice],[pid,4796:tid,332],AH00456:,Apache,Lounge,VS16,Server,built:,Jun,22,2022,9:58:15,,,,,,,,,,,,,,,,,,,,,,,,,
[Sat,Mar,18,18:25.1,2023],[core:notice],[pid,4796:tid,332],AH00094:,Command,line:,'c:\\xampp\\apache\\bin\\httpd.exe,#NAME?,C:/xampp/apache',,,,,,,,,,,,,,,,,,,,,,,,,,,,,
[Sat,Mar,18,18:25.1,2023],[mpm_winnt:notice],[pid,4796:tid,332],AH00418:,Parent:,Created,child,process,4812,,,,,,,,,,,,,,,,,,,,,,,,,,,,,
[Sat,Mar,18,18:25.7,2023],[ssl:warn],[pid,4812:tid,336],AH01909:,www.example.com:443:0,server,certificate,does,NOT,include,an,ID,which,matches,the,server,name,,,,,,,,,,,,,,,,,,,,,
[Sat,Mar,18,18:25.7,2023],[ssl:warn],[pid,4812:tid,336],AH01909:,www.example.com:443:0,server,certificate,does,NOT,include,an,ID,which,matches,the,server,name,,,,,,,,,,,,,,,,,,,,,
[Sat,Mar,18,18:25.7,2023],[mpm_winnt:notice],[pid,4812:tid,336],AH00354:,Child:,Starting,150,worker,threads.,,,,,,,,,,,,,,,,,,,,,,,,,,,,,
[Sat,Mar,18,35:38.5,2023],[php:warn],[pid,4812:tid,1876],[client,27.61.139.70:3362],PHP,Warning:,Undefined,array,key,item,in,C:\\xampp\\htdocs\\includes\\navconnected.php,on,line,23,,,,,,,,,,,,,,,,,,,,,,
[Sat,Mar,18,45:02.9,2023],[php:warn],[pid,4812:tid,1892],[client,::1:49759],PHP,Warning:,Undefined,array,key,item,in,C:\\xampp\\htdocs\\includes\\navconnected.php,on,line,"23,",referer:,http://localhost/orders.php,,,,,,,,,,,,,,,,,,,,
[Sat,Mar,18,02:03.8,2023],[php:warn],[pid,4812:tid,1896],[client,27.61.139.70:3457],PHP,Warning:,Undefined,array,key,item,in,C:\\xampp\\htdocs\\includes\\navconnected.php,on,line,"23,",referer:,https://3.218.70.121/,,,,,,,,,,,,,,,,,,,,
[Sat,Mar,18,02:15.0,2023],[php:warn],[pid,4812:tid,1896],[client,27.61.139.70:3470],PHP,Warning:,Undefined,array,key,item,in,C:\\xampp\\htdocs\\includes\\navconnected.php,on,line,23,,,,,,,,,,,,,,,,,,,,,,
[Sat,Mar,18,02:35.8,2023],[php:warn],[pid,4812:tid,1896],[client,27.61.139.70:3482],PHP,Warning:,Undefined,array,key,item,in,C:\\xampp\\htdocs\\includes\\navconnected.php,on,line,23,,,,,,,,,,,,,,,,,,,,,,
[Sat,Mar,18,02:48.3,2023],[php:warn],[pid,4812:tid,1888],[client,27.61.139.70:3483],PHP,Warning:,Undefined,array,key,item,in,C:\\xampp\\htdocs\\includes\\nav.php,on,line,"19,",referer:,http://3.218.70.121/,,,,,,,,,,,,,,,,,,,,
[Sat,Mar,18,02:58.2,2023],[php:warn],[pid,4812:tid,1888],[client,27.61.139.70:3488],PHP,Warning:,Undefined,array,key,item,in,C:\\xampp\\htdocs\\includes\\nav.php,on,line,"19,",referer:,http://3.218.70.121/sign.php,,,,,,,,,,,,,,,,,,,,
[Sat,Mar,18,03:19.2,2023],[php:warn],[pid,4812:tid,1896],[client,27.61.139.70:3496],PHP,Warning:,Undefined,array,key,item,in,C:\\xampp\\htdocs\\includes\\nav.php,on,line,"19,",referer:,http://3.218.70.121/sign.php,,,,,,,,,,,,,,,,,,,,
[Sat,Mar,18,10:16.7,2023],[php:warn],[pid,4812:tid,1888],[client,205.210.31.8:54812],PHP,Warning:,Undefined,array,key,item,in,C:\\xampp\\htdocs\\includes\\nav.php,on,line,19,,,,,,,,,,,,,,,,,,,,,,
[Sat,Mar,18,45:14.2,2023],[php:warn],[pid,4812:tid,1896],[client,27.61.139.70:3617],PHP,Warning:,Undefined,array,key,item,in,C:\\xampp\\htdocs\\includes\\navconnected.php,on,line,"23,",referer:,http://3.218.70.121/sign.php,,,,,,,,,,,,,,,,,,,,
[Sat,Mar,18,46:42.9,2023],[php:warn],[pid,4812:tid,1884],[client,27.61.139.70:3632],PHP,Warning:,Undefined,array,key,item,in,C:\\xampp\\htdocs\\includes\\navconnected.php,on,line,"23,",referer:,http://3.218.70.121/index.php,,,,,,,,,,,,,,,,,,,,
[Sat,Mar,18,47:22.3,2023],[php:warn],[pid,4812:tid,1880],[client,27.61.139.70:3636],PHP,Warning:,Undefined,array,key,item,in,C:\\xampp\\htdocs\\includes\\navconnected.php,on,line,"23,",referer:,http://3.218.70.121/product.php?id=11,,,,,,,,,,,,,,,,,,,,
[Sat,Mar,18,47:27.2,2023],[php:warn],[pid,4812:tid,1880],[client,27.61.139.70:3636],PHP,Warning:,Undefined,array,key,item,in,C:\\xampp\\htdocs\\includes\\nav.php,on,line,"19,",referer:,http://3.218.70.121/index.php,,,,,,,,,,,,,,,,,,,,
[Sun,Mar,26,29:36.9,2023],[ssl:warn],[pid,5588:tid,332],AH01909:,www.example.com:443:0,server,certificate,does,NOT,include,an,ID,which,matches,the,server,name,,,,,,,,,,,,,,,,,,,,,
[Sun,Mar,26,29:36.9,2023],[core:warn],[pid,5588:tid,332],AH00098:,pid,file,C:/xampp/apache/logs/httpd.pid,overwritten,--,Unclean,shutdown,of,previous,Apache,run?,,,,,,,,,,,,,,,,,,,,,,,
[Sun,Mar,26,29:37.0,2023],[ssl:warn],[pid,5588:tid,332],AH01909:,www.example.com:443:0,server,certificate,does,NOT,include,an,ID,which,matches,the,server,name,,,,,,,,,,,,,,,,,,,,,
[Sun,Mar,26,29:37.7,2023],[mpm_winnt:notice],[pid,5588:tid,332],AH00455:,Apache/2.4.54,(Win64),OpenSSL/1.1.1p,PHP/8.0.25,configured,--,resuming,normal,operations,,,,,,,,,,,,,,,,,,,,,,,,,
[Sun,Mar,26,29:37.7,2023],[mpm_winnt:notice],[pid,5588:tid,332],AH00456:,Apache,Lounge,VS16,Server,built:,Jun,22,2022,9:58:15,,,,,,,,,,,,,,,,,,,,,,,,,
[Sun,Mar,26,29:37.7,2023],[core:notice],[pid,5588:tid,332],AH00094:,Command,line:,'c:\\xampp\\apache\\bin\\httpd.exe,#NAME?,C:/xampp/apache',,,,,,,,,,,,,,,,,,,,,,,,,,,,,
[Sun,Mar,26,29:37.7,2023],[mpm_winnt:notice],[pid,5588:tid,332],AH00418:,Parent:,Created,child,process,5824,,,,,,,,,,,,,,,,,,,,,,,,,,,,,
[Sun,Mar,26,29:38.2,2023],[ssl:warn],[pid,5824:tid,336],AH01909:,www.example.com:443:0,server,certificate,does,NOT,include,an,ID,which,matches,the,server,name,,,,,,,,,,,,,,,,,,,,,
[Sun,Mar,26,29:38.2,2023],[ssl:warn],[pid,5824:tid,336],AH01909:,www.example.com:443:0,server,certificate,does,NOT,include,an,ID,which,matches,the,server,name,,,,,,,,,,,,,,,,,,,,,
[Sun,Mar,26,29:38.3,2023],[mpm_winnt:notice],[pid,5824:tid,336],AH00354:,Child:,Starting,150,worker,threads.,,,,,,,,,,,,,,,,,,,,,,,,,,,,,
[Sun,Mar,26,30:28.2,2023],[php:warn],[pid,5824:tid,1888],[client,45.64.215.2:59388],PHP,Warning:,Undefined,array,key,item,in,C:\\xampp\\htdocs\\includes\\nav.php,on,line,19,,,,,,,,,,,,,,,,,,,,,,
[Sun,Mar,26,30:31.3,2023],[php:warn],[pid,5824:tid,1868],[client,122.170.172.151:2391],PHP,Warning:,Undefined,array,key,item,in,C:\\xampp\\htdocs\\includes\\nav.php,on,line,19,,,,,,,,,,,,,,,,,,,,,,
[Sun,Mar,26,30:40.3,2023],[php:warn],[pid,5824:tid,1848],[client,122.170.172.151:2400],PHP,Warning:,Undefined,array,key,item,in,C:\\xampp\\htdocs\\includes\\nav.php,on,line,"19,",referer:,http://3.218.70.121/,,,,,,,,,,,,,,,,,,,,
[Sun,Mar,26,30:46.5,2023],[php:warn],[pid,5824:tid,1848],[client,122.170.172.151:2400],PHP,Warning:,Undefined,array,key,item,in,C:\\xampp\\htdocs\\includes\\nav.php,on,line,"19,",referer:,http://3.218.70.121/search.php?searched=&search=,,,,,,,,,,,,,,,,,,,,
[Sun,Mar,26,30:54.3,2023],[php:warn],[pid,5824:tid,1852],[client,122.170.172.151:2407],PHP,Warning:,Undefined,array,key,item,in,C:\\xampp\\htdocs\\includes\\nav.php,on,line,"19,",referer:,http://3.218.70.121/product.php?id=16,,,,,,,,,,,,,,,,,,,,
[Sun,Mar,26,58:05.8,2023],[php:warn],[pid,5824:tid,1852],[client,45.64.215.2:59595],PHP,Warning:,Undefined,array,key,item,in,C:\\xampp\\htdocs\\includes\\nav.php,on,line,19,,,,,,,,,,,,,,,,,,,,,,
[Fri,Apr,7,05:02.1,2023],[ssl:warn],[pid,2040:tid,332],AH01909:,www.example.com:443:0,server,certificate,does,NOT,include,an,ID,which,matches,the,server,name,,,,,,,,,,,,,,,,,,,,,
[Fri,Apr,7,05:02.1,2023],[core:warn],[pid,2040:tid,332],AH00098:,pid,file,C:/xampp/apache/logs/httpd.pid,overwritten,--,Unclean,shutdown,of,previous,Apache,run?,,,,,,,,,,,,,,,,,,,,,,,
[Fri,Apr,7,05:02.1,2023],[ssl:warn],[pid,2040:tid,332],AH01909:,www.example.com:443:0,server,certificate,does,NOT,include,an,ID,which,matches,the,server,name,,,,,,,,,,,,,,,,,,,,,
[Fri,Apr,7,05:03.1,2023],[mpm_winnt:notice],[pid,2040:tid,332],AH00455:,Apache/2.4.54,(Win64),OpenSSL/1.1.1p,PHP/8.0.25,configured,--,resuming,normal,operations,,,,,,,,,,,,,,,,,,,,,,,,,
[Fri,Apr,7,05:03.1,2023],[mpm_winnt:notice],[pid,2040:tid,332],AH00456:,Apache,Lounge,VS16,Server,built:,Jun,22,2022,9:58:15,,,,,,,,,,,,,,,,,,,,,,,,,
[Fri,Apr,7,05:03.1,2023],[core:notice],[pid,2040:tid,332],AH00094:,Command,line:,'c:\\xampp\\apache\\bin\\httpd.exe,#NAME?,C:/xampp/apache',,,,,,,,,,,,,,,,,,,,,,,,,,,,,
[Fri,Apr,7,05:03.1,2023],[mpm_winnt:notice],[pid,2040:tid,332],AH00418:,Parent:,Created,child,process,156,,,,,,,,,,,,,,,,,,,,,,,,,,,,,
[Fri,Apr,7,05:05.6,2023],[ssl:warn],[pid,156:tid,336],AH01909:,www.example.com:443:0,server,certificate,does,NOT,include,an,ID,which,matches,the,server,name,,,,,,,,,,,,,,,,,,,,,
[Fri,Apr,7,05:05.7,2023],[ssl:warn],[pid,156:tid,336],AH01909:,www.example.com:443:0,server,certificate,does,NOT,include,an,ID,which,matches,the,server,name,,,,,,,,,,,,,,,,,,,,,
[Fri,Apr,7,05:06.0,2023],[mpm_winnt:notice],[pid,156:tid,336],AH00354:,Child:,Starting,150,worker,threads.,,,,,,,,,,,,,,,,,,,,,,,,,,,,,
